"Test Date","MTM Net P&L","Max Capital","Nt Edge/Sh","# Trades","Shares","Rejects","Positions","Commissions","IntrDay Mx PnL","MaxTime","IntrDay Mx DDown","MinTime","DOW","S&P 500","NASDAQ","Run Time"
"2021-01-04","-$52.60","$1,390,136.00","-0.0001","3,805","866,426","0","0","$0.00","$1,600.30","15:00","$1,674.76","11:15",,,,406.698856
"2021-01-05","$3,298.69","$1,543,842.00","0.0043","3,566","765,162","0","0","$0.00","$3,852.56","15:30","$0.00","",,,,389.30913
"2021-01-06","$7,973.24","$1,288,457.00","0.0114","3,206","700,429","0","0","$0.00","$7,973.24","16:00","$0.00","",,,,503.310734
"2021-01-07","$1,587.25","$1,870,407.00","0.0019","3,887","816,875","0","0","$0.00","$2,800.95","12:45","$63.49","10:00",,,,434.215595
"2021-01-08","$3,527.56","$2,202,543.00","0.0043","3,767","816,071","0","0","$0.00","$3,527.56","16:00","$197.59","10:30",,,,399.918982
"2021-01-11","$6,634.58","$1,394,581.00","0.0086","3,649","772,744","0","0","$0.00","$7,284.25","15:30","$47.80","10:00",,,,370.687692
"2021-01-12","$1,814.63","$2,495,991.00","0.0024","3,496","749,289","0","0","$0.00","$2,616.47","15:30","$613.49","10:45",,,,385.39384
"2021-01-13","$6,632.36","$1,216,548.00","0.0077","3,790","862,731","0","0","$0.00","$6,886.43","15:45","$0.00","",,,,404.989336
"2021-01-14","$5,541.69","$951,300.00","0.0077","3,743","723,704","0","0","$0.00","$5,730.49","15:15","$554.88","11:00",,,,368.188699
"2021-01-15","$6,801.43","$2,360,306.00","0.0086","3,618","795,399","0","0","$0.00","$6,801.43","16:00","$0.00","",,,,364.639007
"2021-01-19","$4,472.35","$1,908,331.00","0.0063","3,560","712,893","0","0","$0.00","$4,472.35","16:00","$468.52","10:00",,,,527.158087
"2021-01-20","$3,667.82","$1,250,270.00","0.0052","3,465","702,772","0","0","$0.00","$3,667.82","16:00","$536.39","10:45",,,,355.12988
"2021-01-21","$3,637.99","$2,447,362.00","0.0050","3,610","729,625","0","0","$0.00","$3,637.99","16:00","$0.00","",,,,417.479098
"2021-01-22","$6,089.82","$1,320,819.00","0.0085","3,521","715,505","0","0","$0.00","$6,517.53","15:30","$116.17","10:15",,,,433.19985
"2021-01-25","$7,135.06","$1,547,974.00","0.0087","3,610","820,294","0","0","$0.00","$7,452.80","15:30","$283.28","10:00",,,,460.160023
"2021-01-26","$2,578.96","$3,998,183.00","0.0030","4,107","865,741","0","0","$0.00","$4,412.71","14:00","$840.29","10:45",,,,418.57008
"2021-01-27","$5,362.83","$1,743,210.00","0.0070","3,937","764,174","0","0","$0.00","$6,527.05","15:15","$954.27","10:00",,,,581.514408
"2021-01-28","-$2,720.43","$46,243.00","-0.1265","104","21,511","0","0","$0.00","$0.00","","$2,775.34","10:15",,,,131.820428
"2021-01-29","$6,374.01","$4,181,669.00","0.0067","4,403","949,632","0","0","$0.00","$6,374.01","16:00","$476.30","10:15",,,,524.992818
"2021-02-01","$3,598.97","$987,215.00","0.0060","3,299","601,863","0","0","$0.00","$3,761.96","15:45","$554.67","10:45",,,,435.411696
"2021-02-02","$2,856.13","$1,977,006.00","0.0037","3,746","764,200","0","0","$0.00","$4,791.66","13:15","$24.90","10:30",,,,427.650158
"2021-02-03","$6,589.41","$1,257,999.00","0.0080","3,957","822,740","0","0","$0.00","$7,162.70","15:30","$0.00","",,,,423.239105
"2021-02-04","$1,672.73","$2,287,655.00","0.0024","3,359","698,817","0","0","$0.00","$2,502.24","12:30","$0.00","",,,,414.361178
"2021-02-05","$2,884.71","$1,704,099.00","0.0042","3,531","693,594","0","0","$0.00","$3,166.58","14:45","$486.23","10:15",,,,360.595221
"2021-02-08","$4,738.67","$1,709,307.00","0.0067","3,693","708,548","0","0","$0.00","$5,810.99","15:30","$0.00","",,,,385.485267
"2021-02-09","$5,543.18","$2,502,597.00","0.0079","3,475","699,721","0","0","$0.00","$5,543.18","16:00","$37.71","10:00",,,,325.32018
"2021-02-10","$861.73","$708,424.00","0.0062","530","139,375","0","0","$0.00","$863.75","10:45","$0.00","",,,,148.213152
"2021-02-11","$4,438.19","$3,106,103.00","0.0060","3,775","737,897","0","0","$0.00","$4,645.37","15:45","$377.13","10:15",,,,328.206434
"2021-02-12","$2,998.08","$1,827,517.00","0.0041","3,514","736,533","0","0","$0.00","$3,692.65","15:30","$0.00","",,,,353.695961
"2021-02-16","$4,437.44","$3,372,623.00","0.0059","3,830","752,020","0","0","$0.00","$4,958.77","15:30","$45.81","10:00",,,,391.523089
"2021-02-17","$5,836.89","$2,572,178.00","0.0081","3,545","721,151","0","0","$0.00","$6,949.24","15:30","$5.86","10:00",,,,418.789289
"2021-02-18","$6,678.19","$3,232,726.00","0.0086","3,521","772,919","0","0","$0.00","$6,877.66","15:45","$568.01","11:15",,,,401.987942
"2021-02-19","$6,242.18","$1,336,507.00","0.0094","3,448","665,967","0","0","$0.00","$6,362.77","15:45","$189.41","10:00",,,,396.046344
"2021-02-22","$7,363.23","$2,028,000.00","0.0115","3,254","637,562","0","0","$0.00","$7,363.23","16:00","$44.43","10:00",,,,386.254184
"2021-02-23","$3,667.05","$1,729,525.00","0.0063","3,143","581,939","0","0","$0.00","$3,693.54","15:00","$0.00","",,,,570.862347
"2021-02-24","$5,660.02","$1,650,809.00","0.0092","3,028","618,090","0","0","$0.00","$5,660.02","16:00","$0.00","",,,,478.378638
"2021-02-25","-$1,695.56","$125,285.00","-0.0346","198","49,061","0","0","$0.00","$179.63","10:00","$1,702.13","10:30",,,,167.053105
"2021-02-26","$4,003.91","$1,088,502.00","0.0053","3,641","752,452","0","0","$0.00","$5,662.30","15:30","$0.00","",,,,490.36197
"2021-03-01","$5,587.23","$2,978,736.00","0.0074","3,616","753,708","0","0","$0.00","$5,633.12","15:45","$0.00","",,,,450.476098
"2021-03-02","$6,037.00","$1,781,645.00","0.0071","3,825","856,088","0","0","$0.00","$6,069.57","15:30","$0.00","",,,,378.786855
"2021-03-03","$7,679.49","$1,369,985.00","0.0099","3,738","775,156","0","0","$0.00","$7,791.63","15:45","$223.70","10:15",,,,386.310402
"2021-03-04","-$1,893.07","$272,983.00","-0.0831","148","22,779","0","0","$0.00","$0.00","","$1,953.80","10:15",,,,183.787
"2021-03-05","-$2,572.35","$1,338,072.00","-0.0095","1,196","270,065","0","0","$0.00","$2,292.29","11:00","$2,572.35","16:00",,,,266.764294
"2021-03-08","$2,857.10","$2,702,141.00","0.0038","3,581","749,883","0","0","$0.00","$3,251.60","13:15","$217.07","10:00",,,,469.238259
"2021-03-09","$7,451.61","$5,550,332.00","0.0091","3,796","816,328","0","0","$0.00","$8,805.28","15:15","$68.79","10:15",,,,461.257966
"2021-03-10","$6,457.89","$2,888,128.00","0.0079","4,180","816,789","0","0","$0.00","$6,685.74","15:45","$155.20","10:00",,,,405.229876
"2021-03-11","$4,705.37","$2,418,769.00","0.0065","3,603","720,133","0","0","$0.00","$4,998.58","15:45","$109.81","10:00",,,,434.46771
"2021-03-12","$2,732.79","$988,759.00","0.0042","3,399","653,086","0","0","$0.00","$2,776.70","15:45","$45.75","12:45",,,,613.263661
"2021-03-15","$5,006.44","$1,444,039.00","0.0078","3,377","639,869","0","0","$0.00","$5,234.28","14:00","$282.97","10:30",,,,468.70732
"2021-03-16","$2,721.42","$1,706,700.00","0.0037","3,565","735,972","0","0","$0.00","$3,731.34","14:15","$303.99","10:45",,,,428.84782
"2021-03-17","$4,508.21","$1,628,939.00","0.0064","3,727","699,356","0","0","$0.00","$4,935.89","15:15","$216.61","10:15",,,,456.690257
"2021-03-18","-$2,172.32","$1,976,834.00","-0.0031","3,494","691,594","0","0","$0.00","$784.28","12:45","$2,172.32","16:00",,,,420.834651
"2021-03-19","$993.89","$1,026,179.00","0.0014","3,667","730,140","0","0","$0.00","$1,836.82","14:15","$934.14","10:15",,,,437.097775
"2021-03-22","$7,280.55","$1,920,771.00","0.0113","3,253","643,653","0","0","$0.00","$7,301.13","15:30","$144.86","10:00",,,,411.094149
"2021-03-23","$4,400.52","$2,369,540.00","0.0052","4,036","841,979","0","0","$0.00","$5,052.91","15:45","$227.97","10:15",,,,322.762446
"2021-03-24","$3,089.39","$4,430,492.00","0.0035","3,986","887,307","0","0","$0.00","$5,721.55","14:00","$0.00","",,,,366.976265
"2021-03-25","$8,595.88","$2,317,355.00","0.0124","3,499","690,550","0","0","$0.00","$8,673.81","14:45","$80.35","10:00",,,,479.433754
"2021-03-26","$2,730.27","$1,599,995.00","0.0038","3,497","710,654","0","0","$0.00","$2,730.27","16:00","$222.33","11:00",,,,391.811743
"2021-03-29","$2,671.83","$1,867,408.00","0.0032","3,858","846,454","0","0","$0.00","$2,919.81","14:15","$43.60","10:00",,,,380.009565
"2021-03-30","$6,534.55","$1,735,222.00","0.0102","3,373","641,215","0","0","$0.00","$6,534.55","16:00","$238.36","11:00",,,,382.743504
"2021-03-31","$6,447.60","$3,306,630.00","0.0084","3,736","769,623","0","0","$0.00","$7,320.27","15:45","$25.86","10:00",,,,366.913046
"2021-04-01","$6,337.78","$1,833,525.00","0.0089","3,522","716,084","0","0","$0.00","$6,724.20","15:30","$124.68","10:00",,,,309.637278
"2021-04-05","$4,072.31","$3,395,536.00","0.0053","3,571","765,863","0","0","$0.00","$4,612.99","15:45","$53.79","10:30",,,,388.751324
"2021-04-06","$3,030.21","$1,600,400.00","0.0043","3,360","704,181","0","0","$0.00","$3,030.21","16:00","$471.77","11:00",,,,371.504257
"2021-04-07","$7,820.29","$2,708,371.00","0.0091","4,097","862,652","0","0","$0.00","$8,248.48","15:45","$789.21","11:15",,,,407.943261
"2021-04-08","$3,585.56","$2,271,804.00","0.0055","3,452","655,178","0","0","$0.00","$3,711.08","15:45","$1,124.24","11:00",,,,401.511707
"2021-04-09","$6,193.71","$1,315,793.00","0.0084","3,338","739,740","0","0","$0.00","$6,511.13","15:00","$658.12","10:15",,,,369.570154
"2021-04-12","$1,991.72","$2,260,773.00","0.0025","3,909","795,527","0","0","$0.00","$3,000.87","15:00","$979.36","10:45",,,,504.241011
"2021-04-13","$3,695.04","$2,843,144.00","0.0052","3,304","704,006","0","0","$0.00","$4,101.98","15:45","$339.39","10:15",,,,390.770327
"2021-04-14","$6,333.31","$2,825,739.00","0.0089","3,665","712,705","0","0","$0.00","$6,382.60","15:45","$58.92","10:00",,,,348.687133
"2021-04-15","$2,452.77","$1,368,330.00","0.0036","3,551","674,631","0","0","$0.00","$3,031.23","15:00","$0.00","",,,,341.452737
"2021-04-16","$7,808.92","$1,904,967.00","0.0123","3,445","634,917","0","0","$0.00","$7,808.92","16:00","$462.91","10:00",,,,380.111247
"2021-04-19","$4,160.46","$2,134,037.00","0.0054","4,035","771,763","0","0","$0.00","$4,160.46","16:00","$118.64","10:45",,,,377.473888
"2021-04-20","$3,099.40","$1,178,034.00","0.0046","3,509","676,883","0","0","$0.00","$3,393.46","15:30","$46.15","10:00",,,,329.364586
"2021-04-21","$1,134.74","$1,696,108.00","0.0019","3,081","598,468","0","0","$0.00","$2,752.38","15:15","$67.75","10:15",,,,348.330929
"2021-04-22","$4,243.45","$3,186,275.00","0.0053","3,765","795,066","0","0","$0.00","$4,462.19","15:45","$0.00","",,,,381.156623
"2021-04-23","$2,269.94","$2,119,326.00","0.0039","3,098","580,512","0","0","$0.00","$2,269.94","16:00","$93.60","12:00",,,,389.522991
"2021-04-26","$8,044.92","$5,841,475.00","0.0112","3,819","721,291","0","0","$0.00","$8,044.92","16:00","$0.00","",,,,370.671004
"2021-04-27","$3,740.48","$1,743,809.00","0.0055","3,514","679,627","0","0","$0.00","$5,264.27","15:00","$82.62","10:00",,,,347.986653
"2021-04-28","$2,197.12","$1,413,759.00","0.0031","3,759","717,883","0","0","$0.00","$3,244.42","15:00","$67.32","10:00",,,,356.633894
"2021-04-29","-$1,887.49","$1,159,868.00","-0.0086","1,103","219,535","0","0","$0.00","$583.21","10:30","$1,929.56","11:45",,,,142.020167
"2021-04-30","$8,626.32","$3,499,248.00","0.0097","4,217","885,107","0","0","$0.00","$8,879.12","15:45","$0.00","",,,,376.939142
"2021-05-03","$5,249.85","$2,192,921.00","0.0086","3,408","607,391","0","0","$0.00","$5,532.92","15:45","$92.36","10:00",,,,394.031194
"2021-05-04","$4,565.19","$1,336,565.00","0.0063","3,665","721,708","0","0","$0.00","$4,688.01","14:45","$870.60","10:30",,,,411.472185
"2021-05-05","$2,434.05","$1,335,040.00","0.0043","3,140","569,471","0","0","$0.00","$3,487.00","13:45","$65.55","10:00",,,,486.28014
"2021-05-06","$3,327.98","$1,433,437.00","0.0058","3,180","571,715","0","0","$0.00","$3,470.57","15:15","$253.38","11:15",,,,400.727645
"2021-05-07","$848.04","$1,468,448.00","0.0013","3,339","642,351","0","0","$0.00","$2,015.38","13:30","$822.85","11:15",,,,378.787127
"2021-05-10","-$344.98","$2,235,601.00","-0.0005","3,706","723,608","0","0","$0.00","$1,550.74","14:00","$970.93","15:45",,,,369.660899
"2021-05-11","-$1,720.84","$648,243.00","-0.0167","542","103,112","0","0","$0.00","$0.00","","$1,720.84","10:45",,,,148.932312
"2021-05-12","$592.92","$1,571,352.00","0.0007","4,407","821,080","0","0","$0.00","$1,217.50","11:00","$975.12","14:15",,,,508.007942
"2021-05-13","$2,349.18","$1,322,951.00","0.0033","3,334","701,572","0","0","$0.00","$2,636.29","14:15","$883.62","11:30",,,,424.932587
"2021-05-14","$138.09","$2,491,798.00","0.0002","3,287","581,909","0","0","$0.00","$1,252.48","15:30","$356.35","10:30",,,,386.937384
"2021-05-17","$4,750.43","$2,148,063.00","0.0076","3,522","622,506","0","0","$0.00","$4,814.63","14:45","$1,692.96","10:30",,,,361.703647
"2021-05-18","$2,498.72","$1,448,061.00","0.0042","3,497","596,884","0","0","$0.00","$2,498.72","16:00","$478.78","11:45",,,,386.83878
"2021-05-19","$3,209.16","$849,453.00","0.0060","2,655","536,310","0","0","$0.00","$3,387.01","14:00","$128.05","10:00",,,,315.330865
"2021-05-20","$3,632.95","$2,328,255.00","0.0058","3,339","630,177","0","0","$0.00","$3,919.05","15:45","$0.00","",,,,385.121664
"2021-05-21","$4,671.49","$4,766,636.00","0.0069","3,621","673,957","0","0","$0.00","$5,824.37","15:15","$0.00","",,,,314.001754
"2021-05-24","$6,601.67","$3,260,563.00","0.0101","3,588","653,430","0","0","$0.00","$6,601.67","16:00","$34.97","10:00",,,,344.970248
"2021-05-25","$5,186.17","$3,354,801.00","0.0065","4,086","794,891","0","0","$0.00","$5,217.90","15:45","$618.49","11:15",,,,348.564917
"2021-05-26","$3,811.23","$1,946,352.00","0.0059","3,416","643,182","0","0","$0.00","$3,938.75","15:45","$833.65","11:15",,,,342.911744
"2021-05-27","-$1,067.00","$2,555,852.00","-0.0018","3,599","600,864","0","0","$0.00","$1,084.91","15:15","$1,104.81","15:45",,,,382.883301
"2021-05-28","$1,947.00","$2,061,731.00","0.0028","3,730","706,839","0","0","$0.00","$2,669.54","15:15","$520.42","11:00",,,,332.0759
"2021-06-01","$1,820.53","$2,617,786.00","0.0028","3,525","646,859","0","0","$0.00","$2,473.85","15:30","$700.11","10:15",,,,330.947364
"2021-06-02","-$2,445.05","$661,958.00","-0.0148","957","165,262","0","0","$0.00","$528.46","10:30","$2,460.51","11:45",,,,238.335434
"2021-06-03","$5,680.84","$1,889,349.00","0.0107","2,895","531,486","0","0","$0.00","$6,487.44","15:15","$45.68","10:00",,,,370.391376
"2021-06-04","$3,171.56","$2,385,263.00","0.0056","3,123","566,336","0","0","$0.00","$3,171.56","16:00","$700.76","10:00",,,,358.789676
"2021-06-07","$2,538.93","$3,417,641.00","0.0039","3,484","644,484","0","0","$0.00","$3,224.44","14:15","$90.31","10:00",,,,351.29583
"2021-06-08","$3,043.41","$2,975,093.00","0.0057","3,129","536,317","0","0","$0.00","$3,359.70","14:15","$0.00","",,,,326.853367
"2021-06-09","$6,225.73","$1,999,482.00","0.0094","3,784","665,533","0","0","$0.00","$6,279.06","15:45","$551.66","10:15",,,,358.913295
"2021-06-10","$820.92","$1,469,578.00","0.0014","3,202","576,611","0","0","$0.00","$1,650.76","15:15","$1,170.86","11:45",,,,366.442476
"2021-06-11","$301.71","$2,098,712.00","0.0005","3,643","645,637","0","0","$0.00","$939.03","15:30","$1,693.35","12:00",,,,455.569275
"2021-06-14","-$850.10","$2,810,302.00","-0.0013","3,375","653,094","0","0","$0.00","$795.58","10:30","$1,255.76","15:45",,,,364.80229
"2021-06-15","-$1,844.23","$1,743,352.00","-0.0030","3,465","607,538","0","0","$0.00","$223.14","10:15","$1,844.23","16:00",,,,358.737715
"2021-06-16","-$886.30","$1,116,169.00","-0.0016","3,104","556,097","0","0","$0.00","$1,768.20","13:45","$991.85","14:15",,,,271.3181
"2021-06-17","$1,603.55","$1,818,835.00","0.0028","3,115","562,807","0","0","$0.00","$1,712.12","15:45","$1,352.29","12:00",,,,429.602718
"2021-06-18","-$316.72","$3,617,354.00","-0.0005","3,590","662,756","0","0","$0.00","$802.88","15:00","$1,109.88","12:15",,,,375.673536
"2021-06-21","$1,575.08","$1,979,470.00","0.0026","3,195","597,247","0","0","$0.00","$2,687.90","15:15","$0.00","",,,,373.760982
"2021-06-22","$3,898.58","$2,266,300.00","0.0062","3,527","631,882","0","0","$0.00","$3,990.97","14:30","$123.87","10:00",,,,341.919252
"2021-06-23","$3,053.31","$4,139,186.00","0.0040","3,918","769,288","0","0","$0.00","$3,053.31","16:00","$4.63","10:00",,,,360.371424
"2021-06-24","$1,671.36","$1,608,736.00","0.0028","3,397","602,414","0","0","$0.00","$2,196.59","15:30","$766.63","11:15",,,,358.175452
"2021-06-25","$1,765.04","$3,226,725.00","0.0029","3,336","613,507","0","0","$0.00","$1,765.04","16:00","$1,393.50","10:15",,,,341.028335
"2021-06-28","-$2,327.84","$1,086,861.00","-0.0059","2,177","394,088","0","0","$0.00","$0.00","","$2,342.29","13:30",,,,241.667072
"2021-06-29","$2,153.56","$3,864,609.00","0.0030","3,551","707,013","0","0","$0.00","$3,430.37","15:00","$293.79","10:15",,,,376.652366
"2021-06-30","$6,486.23","$3,164,709.00","0.0106","3,473","612,373","0","0","$0.00","$6,486.23","16:00","$0.00","",,,,350.966139
"2021-07-01","$5,489.94","$2,517,255.00","0.0082","3,387","670,074","0","0","$0.00","$5,682.63","15:15","$0.00","",,,,357.261374
"2021-07-02","$4,585.15","$2,462,707.00","0.0070","3,421","653,219","0","0","$0.00","$4,585.15","16:00","$0.00","",,,,354.558945
"2021-07-06","$3,244.42","$1,877,671.00","0.0057","3,036","572,024","0","0","$0.00","$3,244.42","16:00","$345.08","10:30",,,,380.41329
"2021-07-07","$2,334.04","$2,307,742.00","0.0036","3,403","652,550","0","0","$0.00","$2,334.04","16:00","$0.00","",,,,394.849673
"2021-07-08","$466.71","$1,491,661.00","0.0008","3,275","605,393","0","0","$0.00","$3,851.87","13:15","$0.00","",,,,410.161356
"2021-07-09","$2,560.64","$1,703,467.00","0.0043","3,227","593,444","0","0","$0.00","$3,278.11","15:15","$0.00","",,,,374.777507
"2021-07-12","-$2,785.17","$2,209,426.00","-0.0045","3,351","617,056","0","0","$0.00","$1,563.67","11:00","$2,785.17","16:00",,,,318.457378
"2021-07-13","$3,519.05","$2,941,462.00","0.0045","3,857","787,768","0","0","$0.00","$4,357.87","14:45","$0.00","",,,,382.456491
"2021-07-14","-$1,450.60","$2,260,552.00","-0.0020","3,615","736,408","0","0","$0.00","$283.20","14:30","$1,450.60","16:00",,,,425.824341
"2021-07-15","$243.46","$2,024,676.00","0.0003","3,544","707,476","0","0","$0.00","$1,255.45","12:00","$1,892.10","13:15",,,,385.158289
"2021-07-16","$6,986.91","$2,830,888.00","0.0088","3,726","796,234","0","0","$0.00","$6,986.91","16:00","$0.00","",,,,329.817338
"2021-07-19","$2,540.76","$1,358,936.00","0.0036","3,810","705,725","0","0","$0.00","$2,935.37","15:45","$0.00","",,,,444.700222
"2021-07-20","$117.31","$1,909,872.00","0.0002","3,203","635,905","0","0","$0.00","$1,318.15","10:45","$1,230.74","12:45",,,,427.962152
"2021-07-21","$3,614.87","$2,311,440.00","0.0053","3,705","677,246","0","0","$0.00","$3,614.87","16:00","$1,306.60","11:30",,,,372.960722
"2021-07-22","$744.98","$2,603,172.00","0.0011","3,549","708,056","0","0","$0.00","$778.10","15:30","$1,850.46","12:15",,,,350.55813
"2021-07-23","$4,838.55","$1,331,427.00","0.0079","3,038","611,503","0","0","$0.00","$4,865.77","15:45","$0.00","",,,,331.152785
"2021-07-26","$2,083.89","$1,658,250.00","0.0035","3,197","599,053","0","0","$0.00","$2,083.89","16:00","$369.04","11:00",,,,374.799978
"2021-07-27","$1,703.14","$3,588,363.00","0.0024","3,662","707,658","0","0","$0.00","$3,589.37","15:30","$605.37","10:30",,,,398.450133
"2021-07-28","$3,571.70","$1,525,443.00","0.0060","3,294","595,286","0","0","$0.00","$4,905.45","14:45","$493.59","10:30",,,,367.838581
"2021-07-29","$4,186.12","$3,039,866.00","0.0063","3,581","661,091","0","0","$0.00","$4,372.12","15:30","$108.81","10:00",,,,369.654923
"2021-07-30","-$1,759.33","$1,499,380.00","-0.0107","813","164,256","0","0","$0.00","$138.27","10:15","$1,867.43","11:15",,,,119.366996
"2021-08-02","$4,927.05","$1,577,192.00","0.0073","3,711","672,260","0","0","$0.00","$5,391.63","15:30","$125.72","10:00",,,,357.615741
"2021-08-03","$24.29","$2,765,071.00","0.0000","3,129","556,225","0","0","$0.00","$819.17","15:15","$1,911.04","12:45",,,,400.918329
"2021-08-04","$3,341.07","$2,372,757.00","0.0049","3,819","688,688","0","0","$0.00","$3,606.01","15:45","$92.98","10:00",,,,360.22927
"2021-08-05","$429.99","$2,485,145.00","0.0006","3,433","727,332","0","0","$0.00","$2,522.61","11:00","$57.41","14:45",,,,378.647916
"2021-08-06","$4,874.30","$1,736,123.00","0.0077","3,536","635,607","0","0","$0.00","$5,118.62","15:30","$245.55","10:15",,,,362.41334
"2021-08-09","$1,606.31","$1,669,568.00","0.0024","3,601","663,366","0","0","$0.00","$2,323.61","14:15","$658.54","11:30",,,,339.968883
"2021-08-10","$2,010.94","$1,987,768.00","0.0034","3,246","590,229","0","0","$0.00","$3,295.95","15:00","$257.18","10:30",,,,361.602098
"2021-08-11","$4,812.56","$1,987,945.00","0.0065","3,738","739,551","0","0","$0.00","$4,812.56","16:00","$0.00","",,,,354.465515
"2021-08-12","$1,911.63","$2,372,936.00","0.0031","3,164","621,954","0","0","$0.00","$3,458.75","15:15","$244.22","11:45",,,,319.219457
"2021-08-13","$500.30","$4,035,155.00","0.0008","3,662","629,634","0","0","$0.00","$1,038.81","15:45","$180.26","10:00",,,,297.121534
"2021-08-16","$3,637.41","$2,134,496.00","0.0056","3,281","653,005","0","0","$0.00","$3,779.59","15:45","$0.00","",,,,368.478535
"2021-08-17","$6,446.71","$2,134,579.00","0.0088","3,634","732,054","0","0","$0.00","$7,371.37","14:45","$95.75","10:15",,,,325.92589
"2021-08-18","$3,990.05","$3,333,679.00","0.0055","3,831","730,795","0","0","$0.00","$3,991.89","15:15","$0.00","",,,,301.142362
"2021-08-19","$1,121.50","$4,339,413.00","0.0017","3,452","670,207","0","0","$0.00","$2,370.19","14:45","$396.15","10:15",,,,416.136824
"2021-08-20","$5,528.54","$1,483,718.00","0.0080","3,226","688,914","0","0","$0.00","$5,528.54","16:00","$0.00","",,,,373.229298
"2021-08-23","-$154.72","$1,427,758.00","-0.0002","3,370","665,576","0","0","$0.00","$316.68","10:15","$1,308.28","12:30",,,,346.212816
"2021-08-24","$7,281.65","$2,881,551.00","0.0108","3,568","672,093","0","0","$0.00","$7,281.65","16:00","$45.93","10:00",,,,337.831217
"2021-08-25","$1,249.48","$1,509,272.00","0.0020","3,432","638,125","0","0","$0.00","$2,026.58","13:30","$630.73","10:30",,,,339.179783
"2021-08-26","-$1,078.82","$1,510,718.00","-0.0014","3,714","756,470","0","0","$0.00","$615.44","10:30","$1,564.02","12:30",,,,335.36844
"2021-08-27","$6,207.82","$3,432,581.00","0.0103","3,298","600,372","0","0","$0.00","$6,861.13","15:30","$0.00","",,,,319.156969
"2021-08-30","-$1,605.27","$1,327,187.00","-0.0451","225","35,589","0","0","$0.00","$54.43","10:00","$1,667.21","10:30",,,,93.758587
"2021-08-31","$3,270.26","$1,990,078.00","0.0052","3,565","630,809","0","0","$0.00","$3,321.45","15:30","$130.95","10:00",,,,384.328275
"2021-09-01","-$864.11","$3,351,017.00","-0.0012","3,408","705,940","0","0","$0.00","$1,338.28","15:00","$1,455.87","15:15",,,,404.592756
"2021-09-02","$2,107.69","$2,154,953.00","0.0030","3,652","704,846","0","0","$0.00","$3,219.59","15:30","$358.35","10:45",,,,368.357665
"2021-09-03","$1,756.40","$1,382,731.00","0.0026","3,405","687,449","0","0","$0.00","$2,259.94","15:30","$1,940.77","12:15",,,,317.496964
"2021-09-07","-$634.43","$3,522,395.00","-0.0008","3,605","746,931","0","0","$0.00","$2,410.94","15:00","$1,766.94","11:15",,,,385.74526
"2021-09-08","$3,460.65","$2,772,782.00","0.0048","3,492","716,759","0","0","$0.00","$3,631.37","15:30","$555.25","10:15",,,,326.048435
"2021-09-09","$1,019.97","$1,399,270.00","0.0015","3,648","676,689","0","0","$0.00","$1,019.97","16:00","$689.57","11:30",,,,363.530557
"2021-09-10","$1,673.95","$1,616,993.00","0.0023","3,662","739,995","0","0","$0.00","$3,617.31","14:45","$407.71","11:00",,,,385.66546
"2021-09-13","$1,214.77","$2,046,208.00","0.0019","3,448","649,326","0","0","$0.00","$2,196.12","15:00","$0.00","",,,,386.741658
"2021-09-14","$1,905.29","$1,430,804.00","0.0025","3,771","775,203","0","0","$0.00","$1,905.29","16:00","$766.87","13:00",,,,356.003827
"2021-09-15","$747.35","$2,839,678.00","0.0011","3,324","668,614","0","0","$0.00","$2,058.53","13:45","$282.37","10:15",,,,405.036111
"2021-09-16","$2,178.09","$2,495,622.00","0.0031","3,351","694,211","0","0","$0.00","$2,274.71","15:30","$44.17","10:00",,,,371.975425
"2021-09-17","$1,095.30","$1,788,961.00","0.0015","4,076","738,583","0","0","$0.00","$1,095.30","16:00","$742.25","10:30",,,,354.148894
"2021-09-20","$440.08","$1,895,604.00","0.0005","4,035","831,357","0","0","$0.00","$1,854.31","14:30","$1,475.18","10:45",,,,411.846888
"2021-09-21","$2,523.67","$2,861,918.00","0.0036","3,474","693,396","0","0","$0.00","$3,393.72","14:45","$1,162.07","10:45",,,,384.519234
"2021-09-22","$1,255.29","$3,633,007.00","0.0017","3,467","720,794","0","0","$0.00","$2,513.13","14:30","$951.57","10:15",,,,431.53273
"2021-09-23","-$237.06","$2,627,487.00","-0.0003","3,529","676,861","0","0","$0.00","$2,296.00","14:15","$237.06","16:00",,,,388.242245
"2021-09-24","$2,688.99","$1,239,988.00","0.0039","3,664","683,868","0","0","$0.00","$2,832.07","14:00","$66.64","10:00",,,,329.415399
"2021-09-27","$613.81","$1,313,127.00","0.0009","3,659","684,900","0","0","$0.00","$1,765.48","12:00","$79.90","13:30",,,,365.660055
"2021-09-28","$4,801.42","$1,752,081.00","0.0060","3,895","798,727","0","0","$0.00","$5,327.30","15:45","$72.14","10:00",,,,419.411868
"2021-09-29","$5,969.14","$4,103,788.00","0.0080","3,747","745,432","0","0","$0.00","$6,817.00","15:45","$0.00","",,,,389.338507
"2021-09-30","$3,367.11","$2,656,736.00","0.0039","4,198","854,571","0","0","$0.00","$3,367.11","16:00","$0.00","",,,,393.053139
"2021-10-01","$2,107.00","$3,495,784.00","0.0035","3,026","603,612","0","0","$0.00","$3,106.78","14:30","$305.10","10:00",,,,374.368403
"2021-10-04","$6,029.56","$1,563,425.00","0.0067","4,021","896,117","0","0","$0.00","$6,757.15","14:00","$0.00","",,,,339.661952
"2021-10-05","$510.16","$1,112,126.00","0.0009","3,009","558,894","0","0","$0.00","$1,321.77","10:30","$821.08","11:45",,,,391.68274
"2021-10-06","-$1,305.31","$1,896,469.00","-0.0019","3,308","674,416","0","0","$0.00","$804.11","11:30","$1,349.11","15:45",,,,382.636243
"2021-10-07","$1,986.23","$2,719,267.00","0.0030","3,580","660,648","0","0","$0.00","$2,375.91","15:45","$197.34","10:15",,,,355.409122
"2021-10-08","$500.37","$4,898,159.00","0.0007","3,832","742,788","0","0","$0.00","$2,205.45","15:15","$1,708.97","10:45",,,,332.518013
"2021-10-11","$1,069.35","$2,327,165.00","0.0013","3,862","810,879","0","0","$0.00","$2,677.67","15:00","$0.00","",,,,317.965433
"2021-10-12","$1,392.42","$3,409,842.00","0.0020","3,727","704,839","0","0","$0.00","$2,001.81","14:45","$368.50","10:15",,,,338.434676
"2021-10-13","-$279.43","$1,541,262.00","-0.0005","3,193","619,467","0","0","$0.00","$694.45","11:30","$534.52","14:00",,,,359.345545
"2021-10-14","$1,568.56","$2,989,526.00","0.0021","3,411","756,383","0","0","$0.00","$1,937.52","15:30","$248.78","13:00",,,,360.200766
"2021-10-15","-$1,957.85","$2,172,984.00","-0.0070","1,427","281,399","0","0","$0.00","$0.00","","$1,959.53","12:00",,,,235.397857
"2021-10-18","$963.54","$1,451,093.00","0.0017","2,976","552,811","0","0","$0.00","$2,675.92","13:45","$278.57","10:00",,,,535.541253
"2021-10-19","$2,989.26","$2,804,285.00","0.0043","3,434","692,572","0","0","$0.00","$3,085.00","15:45","$433.50","10:15",,,,379.88829
"2021-10-20","$1,403.50","$1,833,540.00","0.0026","3,263","543,545","0","0","$0.00","$1,982.82","15:15","$444.18","11:15",,,,337.388525
"2021-10-21","-$581.34","$3,962,803.00","-0.0009","3,437","672,267","0","0","$0.00","$493.45","14:00","$1,444.44","12:15",,,,326.875961
"2021-10-22","$1,371.93","$2,237,023.00","0.0020","3,326","701,308","0","0","$0.00","$1,371.93","16:00","$1,923.34","11:30",,,,323.047679
"2021-10-25","-$2,309.83","$1,144,794.00","-0.0072","1,845","319,883","0","0","$0.00","$779.28","11:30","$2,320.40","13:00",,,,218.768932
"2021-10-26","$1,535.36","$1,783,384.00","0.0023","3,418","662,772","0","0","$0.00","$2,363.09","15:15","$191.06","10:45",,,,372.032543
"2021-10-27","-$653.69","$1,208,351.00","-0.0009","3,862","756,207","0","0","$0.00","$673.86","10:15","$1,817.21","12:45",,,,322.207441
"2021-10-28","-$2,712.95","$906,277.00","-0.0138","969","195,915","0","0","$0.00","$188.37","10:00","$3,002.55","11:30",,,,176.697615
"2021-10-29","$2,524.31","$1,749,203.00","0.0032","3,943","785,199","0","0","$0.00","$2,524.31","16:00","$1,641.18","12:30",,,,428.751032
"2021-11-01","$2,900.97","$1,163,711.00","0.0054","3,031","534,612","0","0","$0.00","$3,432.11","13:45","$181.00","12:30",,,,393.782698
"2021-11-02","-$703.39","$1,230,626.00","-0.0011","3,463","613,768","0","0","$0.00","$862.22","11:30","$1,324.07","14:15",,,,386.318931
"2021-11-03","$3,276.05","$1,909,666.00","0.0058","3,068","566,089","0","0","$0.00","$5,493.57","14:45","$31.97","10:00",,,,394.428553
"2021-11-04","-$2,017.57","$670,583.00","-0.0090","1,196","224,796","0","0","$0.00","$891.25","10:30","$2,017.57","11:30",,,,146.903915
"2021-11-05","$3,390.46","$1,273,169.00","0.0057","3,496","589,698","0","0","$0.00","$3,495.71","15:30","$290.77","10:00",,,,366.592716
"2021-11-08","$6,112.35","$884,195.00","0.0083","3,639","739,905","0","0","$0.00","$6,923.50","15:15","$99.18","10:00",,,,352.690057
"2021-11-09","$8,085.51","$2,634,181.00","0.0126","3,863","640,455","0","0","$0.00","$8,085.51","16:00","$263.20","10:00",,,,391.146895
"2021-11-10","$6,000.90","$2,510,880.00","0.0081","4,140","741,600","0","0","$0.00","$6,000.90","16:00","$607.78","10:15",,,,381.16847
"2021-11-11","$1,663.47","$2,423,418.00","0.0023","3,833","720,595","0","0","$0.00","$2,842.16","13:00","$0.00","",,,,310.040202
"2021-11-12","$4,920.89","$1,244,434.00","0.0086","3,289","571,565","0","0","$0.00","$5,289.27","15:45","$55.76","10:00",,,,361.791226
"2021-11-15","$1,520.40","$2,116,633.00","0.0020","3,936","746,115","0","0","$0.00","$1,857.46","13:15","$203.45","10:00",,,,343.654057
"2021-11-16","$2,121.39","$2,035,138.00","0.0035","3,450","609,333","0","0","$0.00","$2,143.95","15:30","$0.00","",,,,482.577483
"2021-11-17","$6,532.46","$1,496,496.00","0.0086","3,981","757,827","0","0","$0.00","$6,598.70","15:45","$373.40","10:15",,,,394.590174
"2021-11-18","$2,914.94","$2,335,073.00","0.0044","3,500","665,605","0","0","$0.00","$5,400.36","14:30","$252.97","10:30",,,,445.019399
"2021-11-19","$1,141.44","$2,856,691.00","0.0015","3,864","745,829","0","0","$0.00","$2,406.16","14:15","$0.00","",,,,468.123672
"2021-11-22","$4,508.29","$3,249,238.00","0.0079","3,317","571,798","0","0","$0.00","$4,857.39","15:45","$443.42","10:15",,,,451.322403
"2021-11-23","$15,797.14","$1,774,998.00","0.0196","4,212","804,640","0","0","$0.00","$15,932.43","15:45","$0.00","",,,,429.567749
"2021-11-24","$8,284.36","$2,494,214.00","0.0134","3,392","617,564","0","0","$0.00","$8,284.36","16:00","$54.49","10:15",,,,361.684727
"2021-11-26","$4,628.97","$1,079,937.00","0.0151","1,784","306,555","0","0","$0.00","$4,628.97","13:00","$240.72","10:15",,,,212.903203
"2021-11-29","-$358.96","$2,343,803.00","-0.0005","3,392","670,265","0","0","$0.00","$686.30","10:15","$1,832.12","11:45",,,,421.062253
"2021-11-30","$51.09","$162,693.00","0.0020","254","25,064","0","0","$0.00","$293.11","10:15","$44.18","10:00",,,,173.434524
"2021-12-01","-$918.13","$427,696.00","-0.0085","556","107,881","0","0","$0.00","$744.06","10:30","$941.37","10:45",,,,184.372344
"2021-12-02","-$1,347.08","$132,333.00","-0.0271","279","49,715","0","0","$0.00","$43.02","10:00","$1,383.79","10:30",,,,150.037955
"2021-12-03","$2,687.71","$1,598,946.00","0.0032","4,160","849,063","0","0","$0.00","$3,190.60","15:00","$986.56","11:45",,,,471.189997
"2021-12-06","$4,084.16","$1,549,630.00","0.0065","3,383","630,932","0","0","$0.00","$4,116.94","15:30","$314.22","10:45",,,,472.796056
"2021-12-07","$4,278.09","$1,178,868.00","0.0058","3,624","733,563","0","0","$0.00","$4,278.09","16:00","$0.00","",,,,436.621797
"2021-12-08","$4,986.97","$1,859,459.00","0.0068","3,789","737,776","0","0","$0.00","$5,153.57","15:30","$333.56","10:00",,,,437.811342
"2021-12-09","$5,394.66","$1,674,143.00","0.0071","3,777","756,797","0","0","$0.00","$5,394.66","16:00","$211.99","11:30",,,,389.918425
"2021-12-10","$8,226.24","$2,303,601.00","0.0095","3,960","864,141","0","0","$0.00","$8,569.61","15:15","$0.00","",,,,409.138697
"2021-12-13","$2,564.45","$1,608,728.00","0.0036","3,687","712,180","0","0","$0.00","$2,564.45","16:00","$697.88","12:15",,,,430.300155
"2021-12-14","$7,685.10","$2,875,752.00","0.0104","3,805","742,389","0","0","$0.00","$7,685.10","16:00","$0.00","",,,,413.825591
"2021-12-15","$3,337.92","$960,788.00","0.0056","3,170","598,926","0","0","$0.00","$5,304.93","14:00","$79.19","10:00",,,,507.529488
"2021-12-16","$6,103.31","$1,493,814.00","0.0082","3,944","743,273","0","0","$0.00","$6,103.31","16:00","$0.00","",,,,420.977242
"2021-12-17","$6,390.92","$1,125,333.00","0.0095","3,645","673,620","0","0","$0.00","$6,475.98","15:15","$0.00","",,,,489.400758
"2021-12-20","$2,857.63","$3,842,461.00","0.0040","3,693","710,698","0","0","$0.00","$3,421.97","15:45","$41.97","10:00",,,,460.3508
"2021-12-21","$2,592.49","$4,016,361.00","0.0039","3,371","662,073","0","0","$0.00","$3,538.60","14:00","$10.30","10:00",,,,421.709901
"2021-12-22","$8,007.90","$1,164,289.00","0.0150","3,092","533,288","0","0","$0.00","$8,007.90","16:00","$299.82","10:00",,,,577.120575
"2021-12-23","$5,768.19","$3,232,904.00","0.0085","3,606","681,865","0","0","$0.00","$7,050.87","15:30","$160.21","10:00",,,,368.531313
"2021-12-27","$3,605.44","$1,332,098.00","0.0068","3,019","532,363","0","0","$0.00","$4,039.46","15:00","$444.41","11:30",,,,374.257001
"2021-12-28","$4,720.16","$2,378,432.00","0.0061","3,918","776,864","0","0","$0.00","$4,720.16","16:00","$0.00","",,,,368.787688
"2021-12-29","$2,529.13","$1,800,267.00","0.0037","3,391","679,345","0","0","$0.00","$4,167.26","14:30","$1,451.39","10:15",,,,329.938741
"2021-12-30","$8,887.97","$3,702,235.00","0.0129","3,654","686,729","0","0","$0.00","$8,887.97","16:00","$74.66","10:00",,,,294.316717
"2021-12-31","$7,498.63","$2,453,683.00","0.0120","3,553","626,938","0","0","$0.00","$7,498.63","16:00","$183.39","10:00",,,,282.719403
"2022-01-03","$2,069.58","$4,323,688.00","0.0029","3,732","712,082","0","0","$0.00","$3,320.06","15:30","$72.42","10:00",,,,395.559462
"2022-01-04","$2,514.50","$3,663,947.00","0.0038","3,884","663,198","0","0","$0.00","$4,492.36","15:30","$872.91","11:00",,,,416.199222
"2022-01-05","$2,552.32","$1,294,852.00","0.0037","3,664","688,079","0","0","$0.00","$3,589.20","14:45","$28.11","10:45",,,,373.068993
"2022-01-06","$3,452.98","$1,306,184.00","0.0054","3,573","642,912","0","0","$0.00","$4,395.51","13:30","$176.74","10:15",,,,420.279874
"2022-01-07","$6,072.22","$2,084,836.00","0.0087","3,658","696,046","0","0","$0.00","$6,164.52","15:45","$0.00","",,,,453.608554
"2022-01-10","$4,966.34","$2,024,576.00","0.0072","3,422","686,832","0","0","$0.00","$5,083.16","15:45","$0.00","",,,,424.423869
"2022-01-11","-$1,710.39","$1,559,155.00","-0.0041","2,406","415,365","0","0","$0.00","$903.37","11:00","$1,823.31","14:15",,,,331.35352
"2022-01-12","$4,331.40","$1,693,254.00","0.0054","3,960","800,193","0","0","$0.00","$4,395.69","15:30","$706.14","10:15",,,,395.413805
"2022-01-13","$5,705.72","$1,475,132.00","0.0086","3,804","664,832","0","0","$0.00","$6,657.70","14:45","$41.86","10:00",,,,399.448515
"2022-01-14","$5,273.55","$1,337,846.00","0.0083","3,554","638,205","0","0","$0.00","$5,273.55","16:00","$500.28","10:15",,,,402.699834
"2022-01-18","$615.18","$2,651,230.00","0.0008","3,889","782,947","0","0","$0.00","$2,567.13","11:00","$814.22","13:15",,,,419.025853
"2022-01-19","$9,902.03","$3,752,764.00","0.0136","4,012","729,345","0","0","$0.00","$9,902.03","16:00","$0.00","",,,,415.325057
"2022-01-20","$7,820.39","$2,615,585.00","0.0107","3,708","729,805","0","0","$0.00","$7,820.39","16:00","$0.00","",,,,368.284206
"2022-01-21","$8,212.64","$3,301,031.00","0.0082","4,647","1,006,394","0","0","$0.00","$8,559.54","15:00","$0.00","",,,,708.276159
"2022-01-24","$8,178.50","$962,710.00","0.0114","3,432","716,733","0","0","$0.00","$8,178.50","15:45","$211.81","10:00",,,,592.613298
"2022-01-25","$5,093.20","$1,359,934.00","0.0067","3,622","757,568","0","0","$0.00","$5,093.20","16:00","$1,427.69","10:45",,,,552.393393
"2022-01-26","$19,192.63","$5,072,916.00","0.0200","4,587","960,861","0","0","$0.00","$19,685.34","15:15","$0.00","",,,,514.574973
"2022-01-27","$6,426.42","$2,639,372.00","0.0063","4,616","1,016,097","0","0","$0.00","$6,426.42","16:00","$0.00","",,,,460.902872
"2022-01-28","$3,319.12","$2,048,690.00","0.0050","3,278","668,214","0","0","$0.00","$6,570.93","15:30","$0.00","",,,,627.014835
"2022-01-31","$11,011.81","$1,428,132.00","0.0182","3,271","606,006","0","0","$0.00","$11,240.72","15:45","$0.00","",,,,497.586908
"2022-02-01","$3,189.26","$1,321,211.00","0.0045","3,631","710,013","0","0","$0.00","$3,189.26","16:00","$1,578.33","10:45",,,,436.241233
"2022-02-02","$8,142.68","$1,992,446.00","0.0116","3,826","703,798","0","0","$0.00","$8,529.31","15:30","$89.27","10:00",,,,433.214066
"2022-02-03","$7,694.91","$7,253,212.00","0.0097","4,040","789,928","0","0","$0.00","$7,694.91","16:00","$0.00","",,,,438.28399
"2022-02-04","$3,547.06","$2,370,912.00","0.0065","3,027","547,750","0","0","$0.00","$3,547.06","16:00","$229.04","10:15",,,,430.516339
"2022-02-07","$10,359.07","$2,134,243.00","0.0149","3,897","695,045","0","0","$0.00","$11,113.17","15:30","$813.65","10:15",,,,408.359084
"2022-02-08","$3,304.10","$1,374,524.00","0.0067","2,647","494,537","0","0","$0.00","$3,304.10","16:00","$15.88","11:00",,,,452.519591
"2022-02-09","$6,005.80","$1,559,635.00","0.0082","3,585","732,502","0","0","$0.00","$6,135.23","15:00","$470.78","10:15",,,,404.360542
"2022-02-10","$9,201.68","$4,735,666.00","0.0115","4,293","799,327","0","0","$0.00","$9,201.68","16:00","$0.00","",,,,443.166522
"2022-02-11","-$828.50","$4,732,222.00","-0.0010","4,438","862,867","0","0","$0.00","$4,407.57","15:30","$828.50","16:00",,,,587.95068
"2022-02-14","$3,653.46","$1,481,812.00","0.0044","3,630","833,903","0","0","$0.00","$5,019.96","14:45","$195.99","10:00",,,,439.444993
"2022-02-15","$4,811.05","$4,670,024.00","0.0069","3,549","694,935","0","0","$0.00","$6,181.60","15:45","$388.97","10:30",,,,410.781439
"2022-02-16","$1,813.42","$1,858,276.00","0.0029","3,303","628,335","0","0","$0.00","$3,002.54","14:00","$412.27","11:15",,,,429.307903
"2022-02-17","$2,781.03","$1,678,242.00","0.0041","3,595","671,392","0","0","$0.00","$5,431.30","14:30","$888.74","10:30",,,,360.570655
"2022-02-18","$6,294.78","$2,536,391.00","0.0072","4,560","868,861","0","0","$0.00","$7,484.84","15:30","$45.15","10:00",,,,424.161813
"2022-02-22","$104.15","$2,928,955.00","0.0001","3,908","815,539","0","0","$0.00","$1,705.77","13:15","$770.67","10:15",,,,417.401827
"2022-02-23","$3,813.76","$3,878,201.00","0.0054","3,713","700,600","0","0","$0.00","$4,310.38","15:15","$204.49","10:30",,,,353.717938
"2022-02-24","$3,607.33","$1,823,086.00","0.0059","3,190","614,112","0","0","$0.00","$3,768.11","15:45","$607.52","10:15",,,,689.760544
"2022-02-25","$3,250.03","$2,548,863.00","0.0062","2,769","526,018","0","0","$0.00","$3,250.03","16:00","$216.26","10:00",,,,518.562878
"2022-02-28","-$6,094.99","$5,134,020.00","-0.0082","3,891","738,776","0","0","$0.00","$3,354.96","15:30","$6,094.99","16:00",,,,494.969298
"2022-03-01","$3,645.63","$3,018,422.00","0.0044","4,100","827,084","0","0","$0.00","$3,971.57","15:30","$381.57","10:00",,,,457.89504
"2022-03-02","$4,441.12","$1,636,379.00","0.0067","3,428","662,354","0","0","$0.00","$5,823.00","14:15","$118.64","10:00",,,,505.963188
"2022-03-03","$2,427.56","$1,892,844.00","0.0033","3,693","734,557","0","0","$0.00","$2,689.07","15:45","$1,322.64","12:00",,,,435.758092
"2022-03-04","$2,259.00","$3,114,985.00","0.0027","3,699","842,215","0","0","$0.00","$2,259.00","16:00","$35.69","10:00",,,,501.592599
"2022-03-07","$245.61","$4,245,742.00","0.0003","3,877","785,130","0","0","$0.00","$1,753.81","15:00","$1,883.72","11:30",,,,480.241365
"2022-03-08","-$1,925.67","$564,405.00","-0.0115","924","166,911","0","0","$0.00","$266.48","10:45","$1,925.67","11:30",,,,225.562468
"2022-03-09","$102.31","$2,549,798.00","0.0001","3,431","709,228","0","0","$0.00","$3,089.48","11:45","$720.89","14:15",,,,520.799774
"2022-03-10","-$2,413.97","$1,657,678.00","-0.0343","405","70,468","0","0","$0.00","$0.00","","$2,434.64","10:45",,,,155.768289
"2022-03-11","$8,070.51","$4,636,311.00","0.0086","4,420","939,065","0","0","$0.00","$8,070.51","16:00","$83.00","10:00",,,,411.078297
"2022-03-14","$6,134.04","$5,273,330.00","0.0080","3,993","763,406","0","0","$0.00","$8,348.72","15:45","$0.00","",,,,480.653529
"2022-03-15","$985.18","$1,758,720.00","0.0014","3,649","722,302","0","0","$0.00","$2,347.19","14:15","$922.37","12:15",,,,500.176435
"2022-03-16","$4,902.88","$978,602.00","0.0067","3,742","736,768","0","0","$0.00","$5,075.75","15:15","$970.50","11:00",,,,521.217618
"2022-03-17","$6,691.40","$1,847,104.00","0.0093","3,551","722,995","0","0","$0.00","$6,757.17","15:45","$608.15","10:15",,,,466.155919
"2022-03-18","$3,045.74","$1,548,676.00","0.0044","3,410","685,752","0","0","$0.00","$4,573.19","14:00","$0.00","",,,,503.17009
"2022-03-21","$5,172.42","$1,149,465.00","0.0068","3,939","757,148","0","0","$0.00","$5,172.42","16:00","$1,238.79","10:30",,,,477.340542
"2022-03-22","$5,034.57","$1,082,809.00","0.0076","3,515","660,167","0","0","$0.00","$5,403.14","14:45","$824.33","10:30",,,,454.351938
"2022-03-23","$1,275.34","$3,412,329.00","0.0016","3,939","788,683","0","0","$0.00","$1,358.60","11:45","$89.31","10:00",,,,453.735513
"2022-03-24","$5,566.26","$2,678,504.00","0.0081","3,531","686,404","0","0","$0.00","$5,631.53","15:45","$771.94","10:15",,,,434.621697
"2022-03-25","$7,093.68","$1,495,529.00","0.0094","3,681","755,389","0","0","$0.00","$8,228.05","15:30","$0.00","",,,,414.876349
"2022-03-28","$2,699.22","$1,354,607.00","0.0043","3,487","635,028","0","0","$0.00","$2,935.14","15:30","$978.99","10:15",,,,432.723414
"2022-03-29","$5,432.41","$978,828.00","0.0089","3,564","613,259","0","0","$0.00","$5,541.75","15:45","$373.55","10:30",,,,488.337279
"2022-03-30","$4,065.78","$2,058,009.00","0.0055","3,971","742,319","0","0","$0.00","$5,542.73","15:30","$304.18","10:15",,,,407.025349
"2022-03-31","$2,044.50","$3,290,859.00","0.0027","4,084","756,474","0","0","$0.00","$3,321.79","15:30","$770.29","11:30",,,,425.149979
"2022-04-01","-$1,957.53","$895,950.00","-0.0056","1,738","350,630","0","0","$0.00","$1,476.35","10:30","$1,957.53","12:45",,,,183.307889
"2022-04-04","$3,685.17","$1,643,169.00","0.0056","3,631","661,649","0","0","$0.00","$4,425.50","15:00","$0.00","",,,,374.84949
"2022-04-05","$1,861.56","$2,194,989.00","0.0023","4,272","824,364","0","0","$0.00","$2,690.89","14:00","$561.26","10:45",,,,368.853799
"2022-04-06","$2,919.21","$1,437,883.00","0.0038","3,654","767,014","0","0","$0.00","$5,801.05","13:15","$0.00","",,,,454.192526
"2022-04-07","-$1,364.96","$1,397,019.00","-0.0058","1,349","234,115","0","0","$0.00","$696.67","10:30","$2,253.42","11:30",,,,176.881339
"2022-04-08","-$1,907.80","$773,208.00","-0.0179","727","106,643","0","0","$0.00","$0.00","","$1,907.80","11:30",,,,174.797387
"2022-04-11","-$2,586.15","$792,922.00","-0.0147","812","175,662","0","0","$0.00","$161.17","10:00","$2,586.15","11:15",,,,159.711866
"2022-04-12","$2,798.21","$1,700,276.00","0.0036","3,960","786,215","0","0","$0.00","$3,857.61","14:00","$199.99","10:00",,,,409.473875
"2022-04-13","$1,597.70","$1,286,731.00","0.0027","3,276","581,097","0","0","$0.00","$3,342.47","14:00","$0.00","",,,,478.832532
"2022-04-14","$6,304.55","$3,164,396.00","0.0075","4,154","838,189","0","0","$0.00","$6,304.55","16:00","$95.90","10:00",,,,376.712384
"2022-04-18","$547.32","$1,897,364.00","0.0007","3,871","782,993","0","0","$0.00","$1,883.32","15:30","$539.82","11:00",,,,384.330451
"2022-04-19","$2,006.19","$1,479,565.00","0.0034","3,279","582,913","0","0","$0.00","$2,793.61","15:00","$1,555.66","11:15",,,,453.531688
"2022-04-20","$1,644.14","$2,807,861.00","0.0027","3,344","615,978","0","0","$0.00","$2,919.56","15:15","$368.99","11:45",,,,435.649622
"2022-04-21","-$2,259.54","$1,444,775.00","-0.0063","1,764","358,079","0","0","$0.00","$362.44","10:30","$2,259.54","12:45",,,,232.753577
"2022-04-22","$7,623.09","$2,167,650.00","0.0079","4,581","967,260","0","0","$0.00","$7,623.09","16:00","$31.96","10:00",,,,411.629578
"2022-04-25","$3,240.60","$1,458,237.00","0.0042","3,941","777,132","0","0","$0.00","$4,146.59","12:00","$417.90","10:00",,,,511.038254
"2022-04-26","-$1,646.15","$1,333,176.00","-0.0025","3,358","646,138","0","0","$0.00","$442.43","13:15","$1,646.15","15:00",,,,317.814776
"2022-04-27","$4,697.66","$2,527,035.00","0.0053","4,061","879,295","0","0","$0.00","$4,697.66","16:00","$0.00","",,,,500.82628
"2022-04-28","$6,561.55","$5,001,258.00","0.0106","3,124","617,248","0","0","$0.00","$7,175.69","15:45","$121.27","10:00",,,,519.754693
"2022-04-29","$6,888.64","$1,958,882.00","0.0063","4,578","1,094,092","0","0","$0.00","$6,888.64","16:00","$0.00","",,,,405.227752
"2022-05-02","$4,400.91","$2,922,117.00","0.0050","3,972","880,701","0","0","$0.00","$4,400.91","16:00","$53.86","10:00",,,,498.02579
"2022-05-03","$687.86","$1,830,415.00","0.0008","3,925","854,294","0","0","$0.00","$2,240.53","14:15","$1,295.40","10:45",,,,475.466661
"2022-05-04","-$1,787.12","$1,183,402.00","-0.0028","2,928","631,967","0","0","$0.00","$2,813.58","13:45","$1,895.44","14:15",,,,340.641536
"2022-05-05","$7,427.17","$1,802,184.00","0.0068","4,832","1,084,431","0","0","$0.00","$7,427.17","16:00","$0.00","",,,,412.816643
"2022-05-06","$6,219.90","$2,326,557.00","0.0064","4,044","964,444","0","0","$0.00","$6,258.73","15:30","$74.40","10:00",,,,519.311478
"2022-05-09","$5,897.49","$1,224,931.00","0.0059","4,249","996,480","0","0","$0.00","$6,039.84","15:45","$98.64","11:15",,,,433.966988
"2022-05-10","$3,410.18","$887,537.00","0.0033","4,300","1,028,570","0","0","$0.00","$3,656.90","12:15","$0.00","",,,,510.032721
"2022-05-11","$5,956.78","$3,970,583.00","0.0065","3,796","921,155","0","0","$0.00","$8,746.89","15:00","$0.00","",,,,459.693881
"2022-05-12","$4,747.11","$1,575,134.00","0.0065","3,262","729,264","0","0","$0.00","$4,747.11","16:00","$25.77","10:15",,,,545.692039
"2022-05-13","$5,145.91","$5,429,825.00","0.0073","3,076","701,939","0","0","$0.00","$5,145.91","16:00","$0.00","",,,,502.230113
"2022-05-16","$1,347.47","$1,402,803.00","0.0015","3,364","907,717","0","0","$0.00","$1,367.91","15:45","$1,123.97","12:00",,,,429.6252
"2022-05-17","$5,200.99","$2,601,596.00","0.0073","3,045","715,253","0","0","$0.00","$5,200.99","16:00","$233.44","10:15",,,,419.696803
"2022-05-18","$1,939.49","$1,999,025.00","0.0019","4,389","1,001,307","0","0","$0.00","$2,709.52","14:45","$706.64","12:15",,,,388.963646
"2022-05-19","-$89.29","$1,166,689.00","-0.0001","3,684","836,864","0","0","$0.00","$960.24","10:30","$493.08","15:15",,,,497.566304
"2022-05-20","-$2,003.58","$322,737.00","-0.0092","912","217,329","0","0","$0.00","$0.00","","$2,055.79","11:00",,,,197.342137
"2022-05-23","-$147.86","$1,453,247.00","-0.0002","3,221","700,299","0","0","$0.00","$1,454.52","14:30","$2,124.76","10:45",,,,632.335308
"2022-05-24","-$2,228.31","$579,257.00","-0.0048","2,009","466,347","0","0","$0.00","$1,471.08","11:00","$2,229.21","15:45",,,,292.319267
"2022-05-25","-$1,466.23","$744,725.00","-0.0019","3,457","777,797","0","0","$0.00","$552.36","10:45","$1,468.32","15:15",,,,327.867554
"2022-05-26","-$2,901.88","$615,804.00","-0.0118","1,016","245,266","0","0","$0.00","$323.23","10:30","$2,901.88","11:45",,,,183.07122
"2022-05-27","-$2,473.50","$1,255,379.00","-0.0108","837","229,258","0","0","$0.00","$802.92","10:30","$2,473.50","11:15",,,,165.74144
"2022-05-31","-$2,487.53","$1,273,470.00","-0.0037","2,874","676,938","0","0","$0.00","$363.75","11:00","$2,781.37","14:45",,,,370.133809
"2022-06-01","-$2,699.15","$3,642,080.00","-0.0031","3,677","880,646","0","0","$0.00","$936.11","10:30","$2,699.15","16:00",,,,396.399055
"2022-06-02","$3,074.04","$1,185,838.00","0.0045","2,994","677,929","0","0","$0.00","$3,466.30","14:45","$0.00","",,,,406.876623
"2022-06-03","$7,097.73","$910,293.00","0.0080","3,934","882,818","0","0","$0.00","$7,154.19","15:45","$595.89","10:30",,,,390.28729
"2022-06-06","$2,277.76","$1,111,144.00","0.0024","4,318","945,888","0","0","$0.00","$4,400.13","15:00","$772.90","10:45",,,,382.350065
"2022-06-07","-$1,116.23","$3,701,588.00","-0.0016","2,966","677,765","0","0","$0.00","$1,544.14","10:15","$1,907.39","13:00",,,,407.237505
"2022-06-08","$1,210.88","$2,439,794.00","0.0014","4,040","872,453","0","0","$0.00","$2,212.66","13:30","$276.26","10:15",,,,342.921358
"2022-06-09","$5,089.31","$2,055,858.00","0.0047","4,463","1,086,867","0","0","$0.00","$5,089.31","16:00","$391.64","10:45",,,,310.686573
"2022-06-10","$4,171.36","$3,725,000.00","0.0048","3,817","863,021","0","0","$0.00","$4,171.36","16:00","$1,651.60","12:15",,,,398.235406
"2022-06-13","$1,651.99","$1,557,951.00","0.0020","3,785","839,508","0","0","$0.00","$2,933.77","15:00","$908.62","11:15",,,,373.08521
"2022-06-14","-$2,137.83","$461,520.00","-0.0058","1,493","371,225","0","0","$0.00","$387.44","10:30","$2,139.08","12:00",,,,232.768058
"2022-06-15","-$2,879.47","$1,184,788.00","-0.0042","2,794","693,672","0","0","$0.00","$438.73","10:30","$2,882.91","15:30",,,,363.057124
"2022-06-16","$1,292.61","$4,866,558.00","0.0013","4,340","1,032,686","0","0","$0.00","$3,392.97","14:30","$38.20","10:30",,,,499.21141
"2022-06-17","-$1,222.17","$2,521,531.00","-0.0015","3,602","790,197","0","0","$0.00","$1,498.11","15:30","$1,222.17","16:00",,,,416.106317
"2022-06-21","$1,114.58","$3,207,017.00","0.0013","3,648","876,912","0","0","$0.00","$2,480.54","12:00","$0.00","",,,,391.388756
"2022-06-22","$53.96","$2,323,013.00","0.0001","3,209","889,986","0","0","$0.00","$1,960.90","11:30","$1,003.03","15:30",,,,367.43289
"2022-06-23","$3,093.39","$1,191,200.00","0.0033","3,817","934,040","0","0","$0.00","$3,436.24","14:30","$0.00","",,,,445.046975
"2022-06-24","$213.39","$1,678,935.00","0.0003","2,991","698,147","0","0","$0.00","$1,715.20","13:45","$232.74","10:15",,,,433.769839
"2022-06-27","-$1,980.61","$460,938.00","-0.0083","1,064","239,987","0","0","$0.00","$344.74","10:15","$1,982.71","13:00",,,,212.719906
"2022-06-28","$1,625.77","$3,709,895.00","0.0015","4,769","1,106,904","0","0","$0.00","$2,261.11","15:45","$1,189.09","11:30",,,,343.473141
"2022-06-29","$5,447.70","$4,615,229.00","0.0055","3,780","986,704","0","0","$0.00","$5,447.70","16:00","$1,147.85","11:00",,,,403.557193
"2022-06-30","$311.90","$1,036,757.00","0.0004","3,032","768,800","0","0","$0.00","$1,242.09","13:15","$1,527.89","11:30",,,,416.868425
"2022-07-01","$2,495.37","$2,303,380.00","0.0032","3,229","777,997","0","0","$0.00","$2,542.85","15:15","$162.01","10:00",,,,407.158902
"2022-07-05","-$2,042.26","$705,938.00","-0.0306","431","66,681","0","0","$0.00","$0.00","","$2,556.37","10:45",,,,165.75549
"2022-07-06","-$2,000.24","$674,886.00","-0.0061","1,298","329,725","0","0","$0.00","$70.96","10:00","$2,002.75","15:30",,,,206.493701
"2022-07-07","$95.48","$3,162,403.00","0.0001","3,577","830,440","0","0","$0.00","$1,539.77","15:00","$719.53","10:45",,,,405.202759
"2022-07-08","-$228.39","$1,848,778.00","-0.0003","3,160","757,970","0","0","$0.00","$316.59","15:30","$671.84","12:30",,,,315.03596
"2022-07-11","$110.50","$2,206,982.00","0.0001","3,914","1,006,097","0","0","$0.00","$1,254.37","15:15","$1,417.38","12:45",,,,318.248602
"2022-07-12","$5,438.22","$1,402,499.00","0.0068","3,674","798,343","0","0","$0.00","$5,615.28","15:30","$332.24","10:45",,,,385.36447
"2022-07-13","$2,104.18","$3,699,024.00","0.0027","3,202","789,767","0","0","$0.00","$2,104.18","16:00","$1,015.33","13:15",,,,416.086126
"2022-07-14","$4,692.77","$2,306,328.00","0.0052","3,306","895,246","0","0","$0.00","$4,843.26","15:45","$665.83","10:15",,,,439.973892
"2022-07-15","$4,736.49","$3,364,398.00","0.0055","3,430","856,317","0","0","$0.00","$4,736.49","16:00","$792.16","10:30",,,,380.126566
"2022-07-18","-$1,881.24","$834,089.00","-0.0175","317","107,366","0","0","$0.00","$21.97","10:00","$2,287.31","10:15",,,,114.101073
"2022-07-19","-$1,576.56","$3,141,268.00","-0.0024","3,045","657,581","0","0","$0.00","$1,025.95","11:30","$1,576.56","16:00",,,,391.52101
"2022-07-20","$1,437.81","$2,578,568.00","0.0018","3,251","805,927","0","0","$0.00","$3,597.70","13:45","$18.57","10:00",,,,395.387877
"2022-07-21","$4,395.02","$1,605,007.00","0.0048","3,413","907,105","0","0","$0.00","$4,494.14","15:45","$111.38","10:00",,,,413.402866
"2022-07-22","$1,444.97","$2,687,457.00","0.0015","3,800","986,440","0","0","$0.00","$2,841.31","15:30","$915.54","11:00",,,,351.598132
"2022-07-25","$2,746.07","$2,773,068.00","0.0032","3,567","855,975","0","0","$0.00","$3,694.23","13:30","$0.00","",,,,338.788752
"2022-07-26","-$2,112.84","$366,977.00","-0.0091","850","232,511","0","0","$0.00","$0.00","","$2,228.47","11:15",,,,152.510964
"2022-07-27","$4,734.50","$963,185.00","0.0059","3,322","801,685","0","0","$0.00","$4,734.50","16:00","$662.40","10:15",,,,406.36216
"2022-07-28","$1,831.94","$2,735,035.00","0.0030","2,538","615,506","0","0","$0.00","$3,408.34","14:30","$136.00","10:45",,,,393.594119
"2022-07-29","$1,026.47","$1,480,231.00","0.0014","3,119","751,580","0","0","$0.00","$1,887.48","13:15","$0.00","",,,,424.582299
"2022-08-01","$24.05","$1,711,209.00","0.0000","3,521","831,392","0","0","$0.00","$2,222.63","13:30","$39.73","10:00",,,,407.289273
"2022-08-02","-$1,023.84","$487,175.00","-0.0043","673","237,555","0","0","$0.00","$336.38","10:15","$1,539.01","11:00",,,,145.210918
"2022-08-03","-$758.53","$1,761,156.00","-0.0009","3,109","808,609","0","0","$0.00","$140.26","10:45","$1,496.11","12:30",,,,622.580665
"2022-08-04","-$2,540.14","$1,130,338.00","-0.0094","1,478","271,558","0","0","$0.00","$108.42","10:15","$2,540.14","12:30",,,,234.074201
"2022-08-05","-$1,686.95","$871,865.00","-0.0133","645","126,905","0","0","$0.00","$82.93","10:30","$1,686.95","11:15",,,,151.061748
"2022-08-08","$2,464.25","$2,827,109.00","0.0028","3,923","880,239","0","0","$0.00","$4,308.96","14:45","$0.00","",,,,555.137902
"2022-08-09","$1,603.89","$2,083,524.00","0.0018","3,899","873,409","0","0","$0.00","$1,838.73","15:45","$1,161.77","10:45",,,,541.201209
"2022-08-10","$2,965.38","$1,809,458.00","0.0040","3,392","738,151","0","0","$0.00","$2,965.38","16:00","$84.02","10:00",,,,333.843198
"2022-08-11","-$32.04","$2,210,931.00","0.0000","3,598","792,776","0","0","$0.00","$529.92","11:00","$1,363.49","13:15",,,,303.827816
"2022-08-12","$4,129.72","$1,208,467.00","0.0066","2,962","623,776","0","0","$0.00","$4,992.07","14:30","$0.00","",,,,397.428503
"2022-08-15","$2,959.66","$2,129,040.00","0.0044","3,288","665,232","0","0","$0.00","$3,003.81","15:45","$69.73","10:00",,,,365.368294
"2022-08-16","$4,966.98","$2,316,642.00","0.0071","3,275","699,504","0","0","$0.00","$5,320.16","15:45","$248.65","10:15",,,,326.573361
"2022-08-17","$1,830.66","$2,086,406.00","0.0022","3,524","814,611","0","0","$0.00","$2,098.20","15:45","$1,615.77","11:45",,,,378.348801
"2022-08-18","$2,472.23","$1,779,268.00","0.0034","3,231","734,501","0","0","$0.00","$2,472.23","16:00","$814.01","10:15",,,,365.848098
"2022-08-19","$3,768.58","$1,732,722.00","0.0043","3,504","876,977","0","0","$0.00","$3,998.63","15:00","$329.03","10:00",,,,299.492493
"2022-08-22","$1,660.46","$4,792,871.00","0.0017","4,299","1,000,791","0","0","$0.00","$1,841.74","15:45","$608.76","10:30",,,,344.452351
"2022-08-23","$3,995.04","$2,502,003.00","0.0044","3,791","906,714","0","0","$0.00","$4,565.42","15:15","$740.24","10:30",,,,370.406646
"2022-08-24","-$1,869.25","$1,519,754.00","-0.0030","2,904","629,674","0","0","$0.00","$0.00","","$1,869.25","16:00",,,,342.195067
"2022-08-25","-$1,213.07","$2,706,823.00","-0.0019","3,233","653,789","0","0","$0.00","$801.14","11:00","$1,577.49","15:30",,,,378.571148
"2022-08-26","$827.37","$1,336,604.00","0.0007","4,500","1,181,205","0","0","$0.00","$2,377.67","15:00","$1,167.55","12:00",,,,310.998201
"2022-08-29","-$1,931.54","$2,152,968.00","-0.0055","1,379","351,438","0","0","$0.00","$510.52","10:15","$2,060.56","11:45",,,,117.493046
"2022-08-30","$907.17","$5,745,035.00","0.0011","3,691","858,336","0","0","$0.00","$1,102.87","11:45","$734.43","14:00",,,,354.74118
"2022-08-31","-$3,095.06","$3,930,366.00","-0.0031","3,978","998,480","0","0","$0.00","$1,480.47","13:30","$3,095.06","16:00",,,,357.288509
"2022-09-01","$2,176.88","$2,060,558.00","0.0021","3,857","1,056,868","0","0","$0.00","$3,283.23","13:45","$14.97","10:00",,,,431.973837
"2022-09-02","$1,375.71","$3,376,042.00","0.0015","3,600","888,553","0","0","$0.00","$2,288.46","15:45","$1,108.76","13:00",,,,327.410181
"2022-09-06","-$1,598.76","$5,971,212.00","-0.0017","4,028","958,971","0","0","$0.00","$1,501.73","12:30","$1,598.76","16:00",,,,426.450378
"2022-09-07","-$887.93","$3,258,477.00","-0.0012","2,906","711,080","0","0","$0.00","$2,637.49","15:15","$1,084.43","15:45",,,,423.653463
"2022-09-08","-$1,171.69","$3,006,081.00","-0.0016","2,933","743,845","0","0","$0.00","$1,891.66","12:15","$2,205.86","15:45",,,,441.423997
"2022-09-09","$843.54","$2,596,843.00","0.0010","3,446","841,574","0","0","$0.00","$1,413.51","15:30","$818.08","11:30",,,,446.144926
"2022-09-12","-$2,581.20","$1,443,896.00","-0.0076","1,575","341,745","0","0","$0.00","$724.95","10:15","$2,581.20","12:30",,,,211.717351
"2022-09-13","$3,892.53","$2,006,472.00","0.0039","3,957","989,553","0","0","$0.00","$3,892.53","16:00","$240.15","11:45",,,,351.525063
"2022-09-14","$262.52","$1,836,482.00","0.0003","3,873","982,291","0","0","$0.00","$950.34","11:00","$884.15","15:15",,,,365.140986
"2022-09-15","$43.36","$1,185,285.00","0.0001","3,557","824,927","0","0","$0.00","$225.55","10:45","$1,032.21","12:30",,,,375.67197
"2022-09-16","$1,117.08","$1,648,329.00","0.0013","3,794","866,797","0","0","$0.00","$2,379.53","14:00","$0.00","",,,,448.574368
"2022-09-19","$1,991.74","$1,628,565.00","0.0027","3,197","749,712","0","0","$0.00","$2,155.44","14:45","$184.36","10:30",,,,395.203379
"2022-09-20","-$548.01","$1,784,123.00","-0.0006","3,677","887,002","0","0","$0.00","$1,548.65","14:00","$881.00","15:45",,,,425.328596
"2022-09-21","-$1,867.21","$908,932.00","-0.0030","2,835","630,776","0","0","$0.00","$549.06","13:30","$1,876.25","14:45",,,,286.356685
"2022-09-22","$391.16","$1,191,251.00","0.0004","4,243","1,056,488","0","0","$0.00","$2,029.13","14:00","$372.61","11:15",,,,399.606165
"2022-09-23","$3,358.23","$2,916,254.00","0.0032","3,877","1,038,441","0","0","$0.00","$3,466.43","15:30","$45.47","10:00",,,,420.523227
"2022-09-26","-$2,853.88","$2,496,510.00","-0.0062","1,552","463,346","0","0","$0.00","$110.88","10:00","$2,854.59","12:00",,,,236.199297
"2022-09-27","-$3,464.94","$4,548,734.00","-0.0028","4,492","1,235,326","0","0","$0.00","$1,175.90","13:00","$3,464.94","16:00",,,,386.59336
"2022-09-28","$1,490.47","$934,725.00","0.0018","3,125","828,156","0","0","$0.00","$1,649.15","15:00","$429.85","11:00",,,,470.194795
"2022-09-29","$2,926.74","$1,511,197.00","0.0029","3,903","994,196","0","0","$0.00","$3,018.82","15:00","$875.21","11:15",,,,365.881374
"2022-09-30","$976.24","$1,095,342.00","0.0011","3,716","857,052","0","0","$0.00","$2,405.95","13:45","$28.61","10:00",,,,420.161216
"2022-10-03","$1,660.36","$1,645,216.00","0.0022","3,160","741,725","0","0","$0.00","$2,543.34","11:45","$0.00","",,,,472.681565
"2022-10-04","$1,692.00","$1,693,684.00","0.0022","3,334","752,615","0","0","$0.00","$1,692.00","16:00","$25.42","13:15",,,,421.40449
"2022-10-05","-$2,215.99","$167,110.00","-0.0713","206","31,099","0","0","$0.00","$0.00","","$2,218.03","15:15",,,,117.624895
"2022-10-06","$608.37","$1,945,735.00","0.0007","3,937","830,866","0","0","$0.00","$1,727.00","14:30","$1,023.11","10:30",,,,323.27238
"2022-10-07","-$2,206.33","$1,619,421.00","-0.0040","2,228","553,646","0","0","$0.00","$136.70","10:30","$2,244.48","13:00",,,,321.4419
"2022-10-10","$2,932.47","$1,281,293.00","0.0037","3,237","803,280","0","0","$0.00","$3,146.36","15:45","$0.95","10:00",,,,342.53809
"2022-10-11","-$475.91","$2,644,457.00","-0.0007","3,212","679,046","0","0","$0.00","$0.00","","$1,844.75","11:00",,,,386.02634
"2022-10-12","-$2,576.70","$847,251.00","-0.0082","1,294","312,588","0","0","$0.00","$0.00","","$2,578.50","12:00",,,,207.365013
"2022-10-13","-$3,282.06","$4,004,873.00","-0.0046","2,803","719,482","0","0","$0.00","$296.11","10:45","$3,282.06","16:00",,,,543.17551
"2022-10-14","$821.29","$1,536,042.00","0.0007","4,466","1,171,417","0","0","$0.00","$1,288.88","15:45","$635.56","10:15",,,,322.514289
"2022-10-17","-$11.08","$1,313,385.00","0.0000","3,611","815,598","0","0","$0.00","$1,457.36","10:30","$651.85","13:45",,,,390.171612
"2022-10-18","$1,442.26","$1,953,240.00","0.0015","3,916","969,128","0","0","$0.00","$2,598.06","14:15","$297.04","10:00",,,,383.954161
"2022-10-19","$1,372.81","$1,206,259.00","0.0014","3,688","963,605","0","0","$0.00","$1,778.52","13:00","$0.00","",,,,407.461146
"2022-10-20","-$2,109.30","$2,131,032.00","-0.0044","2,038","476,887","0","0","$0.00","$1,303.45","11:00","$2,111.01","13:00",,,,307.591178
"2022-10-21","$2,364.57","$2,815,787.00","0.0033","3,095","722,086","0","0","$0.00","$2,601.61","15:30","$493.54","10:15",,,,483.433996
"2022-10-24","$2,670.22","$2,510,317.00","0.0033","3,490","821,167","0","0","$0.00","$3,016.56","14:30","$0.00","",,,,409.914317
"2022-10-25","-$2,172.12","$2,487,214.00","-0.0031","2,875","702,288","0","0","$0.00","$106.49","10:15","$2,252.33","14:45",,,,531.753815
"2022-10-26","$723.71","$1,060,835.00","0.0010","3,107","717,067","0","0","$0.00","$1,023.58","14:45","$1,050.75","13:15",,,,400.641614
"2022-10-27","$433.41","$2,788,462.00","0.0005","3,900","875,658","0","0","$0.00","$433.41","16:00","$1,735.90","11:45",,,,397.576872
"2022-10-28","-$2,054.13","$737,115.00","-0.0069","1,426","296,181","0","0","$0.00","$0.00","","$2,292.94","12:15",,,,342.589326
"2022-10-31","-$485.18","$3,535,896.00","-0.0012","1,550","404,778","0","0","$0.00","$1,906.72","11:45","$2,508.04","12:00",,,,237.563036
"2022-11-01","-$205.66","$2,698,071.00","-0.0002","3,850","997,937","0","0","$0.00","$943.19","14:00","$660.37","11:00",,,,370.179953
"2022-11-02","-$4,796.16","$1,311,400.00","-0.0068","3,167","707,814","0","0","$0.00","$1,433.93","14:00","$4,841.61","14:45",,,,358.965972
"2022-11-03","$1,181.78","$4,163,071.00","0.0013","3,449","896,937","0","0","$0.00","$1,794.91","12:15","$1,035.64","12:30",,,,459.833696
"2022-11-04","-$1,097.12","$1,640,614.00","-0.0014","3,380","793,202","0","0","$0.00","$1,166.02","11:15","$1,194.36","14:00",,,,453.286754
"2022-11-07","-$2,364.62","$256,766.00","-0.0111","861","213,736","0","0","$0.00","$0.00","","$2,364.95","15:30",,,,177.470087
"2022-11-08","$4,140.00","$1,212,487.00","0.0058","2,984","708,395","0","0","$0.00","$4,417.76","15:00","$0.00","",,,,431.36609
"2022-11-09","-$2,026.45","$988,825.00","-0.0036","2,437","569,729","0","0","$0.00","$122.13","10:00","$2,073.82","13:15",,,,294.032529
"2022-11-10","-$2,230.09","$883,766.00","-0.0039","2,585","566,529","0","0","$0.00","$1,557.79","10:45","$2,230.09","16:00",,,,427.329681
"2022-11-11","-$4,198.87","$622,488.00","-0.0068","2,567","618,209","0","0","$0.00","$9.93","10:00","$4,216.38","14:15",,,,419.318224
"2022-11-14","$2,869.85","$2,009,705.00","0.0037","3,479","765,590","0","0","$0.00","$3,892.40","12:30","$0.00","",,,,402.706406
"2022-11-15","-$2,023.87","$3,796,691.00","-0.0022","3,936","905,125","0","0","$0.00","$1,138.68","13:00","$3,597.69","15:45",,,,400.868726
"2022-11-16","$921.63","$1,244,537.00","0.0010","3,950","920,453","0","0","$0.00","$1,698.52","13:45","$1,466.22","11:15",,,,356.576957
"2022-11-17","$554.88","$1,586,785.00","0.0008","3,246","733,705","0","0","$0.00","$872.02","11:30","$939.28","14:45",,,,409.38575
"2022-11-18","-$219.19","$240,506.00","-0.0071","184","31,081","0","0","$0.00","$192.61","10:00","$232.94","10:15",,,,108.080435
"2022-11-21","-$2,363.57","$1,945,275.00","-0.0058","1,654","408,757","0","0","$0.00","$386.57","10:45","$2,596.74","12:00",,,,222.390209
"2022-11-22","-$88.16","$1,420,294.00","-0.0001","3,045","693,363","0","0","$0.00","$863.72","11:15","$1,373.24","14:00",,,,358.442781
"2022-11-23","$5,371.94","$3,004,575.00","0.0068","3,325","784,354","0","0","$0.00","$5,582.89","15:30","$327.27","10:15",,,,361.123967
"2022-11-25","$3,066.88","$3,768,993.00","0.0083","1,713","368,261","0","0","$0.00","$3,984.19","12:30","$0.00","",,,,153.65383
"2022-11-28","-$2,054.40","$947,469.00","-0.0076","1,336","270,619","0","0","$0.00","$0.00","","$2,210.27","12:00",,,,187.153963
"2022-11-29","$2,879.45","$1,928,833.00","0.0035","3,784","832,361","0","0","$0.00","$2,879.45","16:00","$544.53","10:15",,,,313.692845
"2022-11-30","$3,371.25","$1,288,747.00","0.0050","2,796","674,559","0","0","$0.00","$5,633.65","13:45","$870.45","12:15",,,,456.929135
"2022-12-01","$2,205.42","$1,574,602.00","0.0027","3,682","811,515","0","0","$0.00","$2,611.56","14:15","$0.00","",,,,413.457034
"2022-12-02","$5,010.30","$3,786,965.00","0.0089","2,912","563,098","0","0","$0.00","$5,010.30","16:00","$116.26","10:00",,,,371.264346
"2022-12-05","-$2,359.31","$1,897,485.00","-0.0027","4,076","869,551","0","0","$0.00","$0.00","","$2,359.31","16:00",,,,330.423768
"2022-12-06","$372.02","$1,142,911.00","0.0005","3,698","814,307","0","0","$0.00","$1,256.53","12:00","$491.50","13:00",,,,307.493054
"2022-12-07","-$2,080.70","$937,891.00","-0.0049","2,053","426,741","0","0","$0.00","$54.08","11:30","$2,106.59","13:15",,,,258.895982
"2022-12-08","-$2,444.90","$1,326,715.00","-0.0054","2,030","454,844","0","0","$0.00","$251.05","10:15","$2,446.28","13:45",,,,275.042575
"2022-12-09","$1,863.21","$2,996,791.00","0.0021","3,928","901,640","0","0","$0.00","$3,160.75","15:45","$1,005.86","10:15",,,,375.417756
"2022-12-12","-$870.55","$1,461,219.00","-0.0012","3,190","715,815","0","0","$0.00","$247.24","10:45","$1,746.12","11:45",,,,393.534225
"2022-12-13","$3,623.62","$419,440.00","0.0038","4,024","944,086","0","0","$0.00","$4,530.40","14:45","$1,247.68","10:30",,,,410.261927
"2022-12-14","-$6,462.33","$1,277,152.00","-0.0104","2,884","618,827","0","0","$0.00","$2,353.97","13:30","$6,462.33","14:15",,,,270.713629
"2022-12-15","$959.67","$2,438,307.00","0.0011","4,041","879,066","0","0","$0.00","$2,835.52","13:00","$0.00","",,,,371.938828
"2022-12-16","$1,286.86","$1,944,123.00","0.0015","3,765","860,964","0","0","$0.00","$1,771.85","13:00","$698.94","11:45",,,,428.78986
"2022-12-19","$69.14","$2,669,804.00","0.0001","4,300","1,048,992","0","0","$0.00","$1,590.45","11:30","$503.70","12:00",,,,353.04253
"2022-12-20","$2,527.36","$2,416,055.00","0.0036","3,223","705,932","0","0","$0.00","$2,740.23","14:30","$109.74","10:15",,,,396.098977
"2022-12-21","$652.55","$2,160,994.00","0.0010","3,036","657,133","0","0","$0.00","$1,851.42","13:00","$60.14","10:00",,,,384.973659
"2022-12-22","$1,408.51","$1,587,533.00","0.0020","3,436","695,061","0","0","$0.00","$1,408.51","16:00","$643.52","11:00",,,,370.186535
"2022-12-23","$607.30","$1,994,135.00","0.0010","3,049","597,890","0","0","$0.00","$1,693.26","11:15","$47.09","10:00",,,,320.992698
"2022-12-27","$3,080.27","$1,555,363.00","0.0043","3,214","724,745","0","0","$0.00","$3,941.11","15:45","$447.42","11:00",,,,345.316212
"2022-12-28","$1,457.79","$1,801,601.00","0.0018","3,833","818,453","0","0","$0.00","$1,599.61","12:00","$462.09","10:30",,,,264.153353
"2022-12-29","-$2,798.17","$1,527,268.00","-0.0037","3,437","757,612","0","0","$0.00","$140.20","10:30","$2,798.17","16:00",,,,367.912415
"2022-12-30","-$1,582.09","$1,766,509.00","-0.0046","1,729","344,326","0","0","$0.00","$0.00","","$1,939.37","12:30",,,,207.011444
"2023-01-03","-$2,943.16","$281,615.00","-0.0201","636","146,732","0","0","$0.00","$0.00","","$3,004.26","11:15",,,,146.490092
"2023-01-04","$50.49","$1,904,403.00","0.0001","2,540","599,529","0","0","$0.00","$61.80","10:45","$1,594.59","14:00",,,,331.410763
"2023-01-05","$2,740.31","$1,940,198.00","0.0039","3,316","698,429","0","0","$0.00","$2,872.60","15:45","$22.36","10:00",,,,377.774472
"2023-01-06","$985.56","$1,634,455.00","0.0015","2,841","657,839","0","0","$0.00","$2,002.31","11:00","$136.48","10:00",,,,627.944847
"2023-01-09","-$1,252.88","$1,894,789.00","-0.0015","3,803","846,592","0","0","$0.00","$469.90","10:30","$1,785.19","15:45",,,,388.472368
"2023-01-10","$1,446.71","$1,863,002.00","0.0021","3,475","692,099","0","0","$0.00","$1,446.89","15:00","$251.69","10:15",,,,354.6872
"2023-01-11","-$1,757.27","$2,929,380.00","-0.0022","3,686","802,101","0","0","$0.00","$1,058.93","10:30","$1,795.35","15:45",,,,413.071962
"2023-01-12","$257.34","$2,328,028.00","0.0004","3,282","657,011","0","0","$0.00","$1,050.04","11:30","$908.84","15:15",,,,371.61923
"2023-01-13","$1,345.81","$1,428,493.00","0.0019","3,215","720,793","0","0","$0.00","$1,734.30","14:15","$428.86","11:00",,,,410.721438
"2023-01-17","$2,107.53","$2,621,946.00","0.0027","3,662","788,031","0","0","$0.00","$2,226.16","15:45","$229.44","10:15",,,,408.575443
"2023-01-18","-$866.24","$6,675,451.00","-0.0010","4,003","893,722","0","0","$0.00","$1,258.80","11:45","$1,593.88","15:45",,,,294.126711
"2023-01-19","-$2,107.30","$839,665.00","-0.0061","1,639","344,671","0","0","$0.00","$170.93","10:00","$2,160.11","12:30",,,,294.825251
"2023-01-20","$1,206.14","$1,499,495.00","0.0018","2,985","674,632","0","0","$0.00","$1,829.72","13:15","$251.22","10:30",,,,407.094138
"2023-01-23","-$2,107.93","$1,403,806.00","-0.0038","2,551","548,389","0","0","$0.00","$94.59","13:00","$2,107.93","14:45",,,,347.703392
"2023-01-24","-$2,166.44","$797,819.00","-0.0049","2,142","440,276","0","0","$0.00","$864.34","10:30","$2,175.40","14:00",,,,221.92508
"2023-01-25","-$1,989.67","$751,182.00","-0.0042","1,819","470,108","0","0","$0.00","$0.00","","$2,111.06","12:30",,,,246.588818
"2023-01-26","-$818.89","$3,604,332.00","-0.0010","3,681","839,041","0","0","$0.00","$1,563.36","14:30","$818.89","16:00",,,,370.817082
"2023-01-27","$1,341.64","$2,430,089.00","0.0017","3,534","792,543","0","0","$0.00","$1,515.00","13:30","$453.63","10:45",,,,406.591496
"2023-01-30","$4,372.94","$1,216,729.00","0.0051","3,955","863,496","0","0","$0.00","$4,372.94","16:00","$1,541.13","10:30",,,,343.823404
"2023-01-31","$2,075.70","$1,471,297.00","0.0031","3,114","667,414","0","0","$0.00","$2,655.76","15:30","$401.73","10:15",,,,358.573289
"2023-02-01","$1,318.40","$2,522,202.00","0.0015","4,094","878,397","0","0","$0.00","$1,479.48","11:00","$1,060.99","14:15",,,,432.13946
"2023-02-02","$132.16","$1,908,306.00","0.0002","3,172","694,673","0","0","$0.00","$2,494.21","12:30","$0.00","",,,,472.113603
"2023-02-03","-$131.86","$4,459,227.00","-0.0001","3,779","896,301","0","0","$0.00","$1,312.05","14:45","$800.37","10:15",,,,482.617733
"2023-02-06","-$1,664.17","$1,982,362.00","-0.0021","3,866","802,998","0","0","$0.00","$1,164.33","10:45","$1,971.24","14:45",,,,373.555565
"2023-02-07","$1,255.59","$1,004,656.00","0.0019","2,835","653,874","0","0","$0.00","$1,754.35","14:45","$505.58","10:30",,,,389.590357
"2023-02-08","-$2,674.90","$744,008.00","-0.0206","576","129,740","0","0","$0.00","$268.14","10:15","$3,126.01","10:45",,,,109.220675
"2023-02-09","$2,785.61","$2,780,751.00","0.0027","4,395","1,014,247","0","0","$0.00","$2,785.61","16:00","$822.49","10:30",,,,307.691292
"2023-02-10","-$1,671.27","$1,241,705.00","-0.0030","2,225","550,676","0","0","$0.00","$0.00","","$2,264.64","12:30",,,,243.133287
"2023-02-13","$3,488.28","$1,400,210.00","0.0051","3,116","685,973","0","0","$0.00","$4,126.61","15:30","$352.26","10:15",,,,359.304669
"2023-02-14","$888.44","$2,498,810.00","0.0011","3,544","813,688","0","0","$0.00","$1,879.75","10:45","$135.39","10:30",,,,386.088008
"2023-02-15","$1,530.76","$1,355,360.00","0.0025","3,184","621,440","0","0","$0.00","$1,587.29","15:45","$1,093.21","12:15",,,,377.802967
"2023-02-16","$243.59","$2,339,276.00","0.0003","3,185","766,211","0","0","$0.00","$704.76","15:15","$1,179.22","11:15",,,,384.401831
"2023-02-17","$2,272.39","$1,762,053.00","0.0035","3,180","641,760","0","0","$0.00","$2,272.39","16:00","$0.00","",,,,388.903936
"2023-02-21","$406.79","$1,738,063.00","0.0005","3,544","808,058","0","0","$0.00","$1,284.81","15:30","$445.44","14:45",,,,435.569877
"2023-02-22","$3,611.55","$4,219,466.00","0.0042","3,713","867,896","0","0","$0.00","$4,472.25","14:45","$52.59","10:00",,,,358.571764
"2023-02-23","$5,021.91","$1,359,997.00","0.0061","3,385","824,523","0","0","$0.00","$5,151.92","15:30","$520.45","10:45",,,,376.850699
"2023-02-24","$2,024.33","$6,877,264.00","0.0022","3,910","918,462","0","0","$0.00","$2,024.33","16:00","$555.15","12:45",,,,376.292816
"2023-02-27","$2,220.39","$2,975,628.00","0.0025","3,842","873,729","0","0","$0.00","$4,638.29","15:15","$746.42","11:00",,,,363.697265
"2023-02-28","-$2,084.50","$1,054,652.00","-0.0082","1,009","254,081","0","0","$0.00","$16.82","10:00","$2,084.50","11:45",,,,142.143798
"2023-03-01","$4,070.67","$905,668.00","0.0046","3,775","880,889","0","0","$0.00","$4,070.67","16:00","$429.06","11:00",,,,361.03281
"2023-03-02","-$1,699.73","$1,069,510.00","-0.0021","3,171","797,978","0","0","$0.00","$173.14","10:00","$1,699.73","16:00",,,,374.600748
"2023-03-03","$2,886.11","$1,790,711.00","0.0039","3,189","742,810","0","0","$0.00","$2,886.11","16:00","$571.87","10:15",,,,375.087581
"2023-03-06","$1,425.96","$2,650,321.00","0.0016","3,784","874,655","0","0","$0.00","$2,452.25","13:15","$216.36","10:00",,,,376.796206
"2023-03-07","$4,825.15","$2,359,240.00","0.0055","3,739","871,494","0","0","$0.00","$4,825.15","16:00","$264.90","10:45",,,,314.737239
"2023-03-08","$3,581.60","$2,201,427.00","0.0043","3,779","833,172","0","0","$0.00","$3,635.12","15:45","$39.00","10:00",,,,311.908828
"2023-03-09","$5,033.10","$1,846,446.00","0.0051","3,799","982,921","0","0","$0.00","$5,139.23","15:45","$23.59","10:00",,,,356.197855
"2023-03-10","$2,514.75","$4,063,437.00","0.0032","3,690","798,009","0","0","$0.00","$3,018.99","15:45","$329.12","10:30",,,,393.877313
"2023-03-13","-$2,573.58","$68,765.00","-0.0954","125","26,980","0","0","$0.00","$0.00","","$2,577.55","11:30",,,,169.837874
"2023-03-14","$1,234.92","$1,743,337.00","0.0013","4,240","937,517","0","0","$0.00","$2,788.07","13:00","$37.43","14:45",,,,419.640774
"2023-03-15","-$2,225.07","$504,241.00","-0.0108","877","206,074","0","0","$0.00","$264.32","10:30","$2,226.83","15:30",,,,257.374303
"2023-03-16","-$2,157.37","$2,324,705.00","-0.0027","3,199","810,444","0","0","$0.00","$939.57","12:30","$2,934.15","15:45",,,,452.59632
"2023-03-17","-$2,352.78","$670,749.00","-0.0034","3,009","683,715","0","0","$0.00","$792.10","11:45","$2,447.84","14:00",,,,353.107194
"2023-03-20","-$1,183.30","$891,867.00","-0.0015","3,305","774,196","0","0","$0.00","$248.75","11:00","$1,871.42","14:15",,,,428.580584
"2023-03-21","$3,975.47","$1,408,352.00","0.0036","3,860","1,090,693","0","0","$0.00","$3,975.47","16:00","$298.19","10:30",,,,480.284447
"2023-03-22","-$1,325.46","$1,853,826.00","-0.0021","2,745","634,169","0","0","$0.00","$518.85","10:30","$1,944.99","14:15",,,,341.69389
"2023-03-23","-$340.36","$1,182,893.00","-0.0004","3,316","855,196","0","0","$0.00","$363.84","11:30","$1,778.01","14:00",,,,401.928805
"2023-03-24","$2,573.26","$1,370,811.00","0.0034","3,258","755,226","0","0","$0.00","$2,838.22","15:30","$8.52","10:00",,,,434.130793
"2023-03-27","-$101.42","$3,691,692.00","-0.0001","3,585","815,477","0","0","$0.00","$1,805.38","12:15","$334.84","15:15",,,,368.977408
"2023-03-28","$2,475.14","$1,955,496.00","0.0029","3,598","849,505","0","0","$0.00","$3,072.91","13:45","$0.00","",,,,339.390168
"2023-03-29","-$2,291.44","$1,462,060.00","-0.0033","2,842","697,796","0","0","$0.00","$39.63","10:00","$2,297.23","14:45",,,,278.878411
"2023-03-30","-$1,012.37","$1,275,780.00","-0.0011","3,876","928,439","0","0","$0.00","$193.73","11:00","$1,624.78","14:45",,,,386.999574
"2023-03-31","$2,323.79","$4,584,983.00","0.0026","3,627","879,993","0","0","$0.00","$2,385.18","15:45","$333.84","10:45",,,,421.992329
"2023-04-03","-$2,006.83","$2,254,444.00","-0.0025","3,273","794,655","0","0","$0.00","$335.64","10:30","$2,006.83","16:00",,,,388.616449
"2023-04-04","-$1,276.27","$487,063.00","-0.0145","309","88,191","0","0","$0.00","$35.60","10:00","$1,426.26","10:30",,,,110.353659
"2023-04-05","$1,150.26","$2,093,931.00","0.0012","3,742","922,672","0","0","$0.00","$1,970.49","13:30","$1,666.24","10:45",,,,539.079185
"2023-04-06","$2,308.89","$1,788,254.00","0.0036","2,906","644,263","0","0","$0.00","$2,308.89","16:00","$184.48","10:15",,,,377.036419
"2023-04-10","$5,347.67","$1,355,021.00","0.0077","3,097","690,516","0","0","$0.00","$5,414.03","15:45","$349.61","10:00",,,,327.010831
"2023-04-11","$2,115.29","$4,722,660.00","0.0028","3,366","755,582","0","0","$0.00","$2,115.29","16:00","$0.00","",,,,375.649407
"2023-04-12","$2,984.02","$2,358,245.00","0.0035","3,551","845,244","0","0","$0.00","$2,984.02","16:00","$111.17","10:30",,,,369.042087
"2023-04-13","$3,547.24","$2,000,419.00","0.0048","3,162","745,592","0","0","$0.00","$4,521.55","15:15","$761.05","10:30",,,,449.709976
"2023-04-14","$4,105.42","$2,181,149.00","0.0041","3,964","993,381","0","0","$0.00","$4,115.83","15:45","$580.08","11:00",,,,351.62341
"2023-04-17","-$153.93","$3,040,118.00","-0.0002","3,337","745,044","0","0","$0.00","$859.87","14:00","$612.41","13:45",,,,391.405955
"2023-04-18","$2,961.56","$2,026,599.00","0.0036","3,748","833,482","0","0","$0.00","$3,106.12","15:45","$455.20","10:15",,,,361.999162
"2023-04-19","-$1,083.64","$5,631,539.00","-0.0015","3,408","709,086","0","0","$0.00","$0.00","","$1,796.68","13:15",,,,399.870387
"2023-04-20","-$2,203.50","$1,609,825.00","-0.0028","3,459","795,905","0","0","$0.00","$640.89","11:30","$2,203.50","16:00",,,,351.791119
"2023-04-21","$3,897.41","$4,957,404.00","0.0045","3,614","869,757","0","0","$0.00","$3,897.41","16:00","$796.90","10:45",,,,368.366311
"2023-04-24","-$2,260.15","$1,328,516.00","-0.0050","1,978","452,957","0","0","$0.00","$804.88","10:15","$2,260.15","13:00",,,,218.062728
"2023-04-25","$2,358.71","$3,974,382.00","0.0026","3,987","892,966","0","0","$0.00","$2,358.71","16:00","$144.18","10:00",,,,488.881542
"2023-04-26","$2,736.60","$3,274,888.00","0.0031","3,541","893,482","0","0","$0.00","$4,710.31","15:30","$8.78","10:00",,,,395.12269
"2023-04-27","$1,744.55","$2,627,910.00","0.0029","2,804","594,297","0","0","$0.00","$2,987.71","15:30","$0.00","",,,,392.133931
"2023-04-28","$1,752.27","$2,375,858.00","0.0020","3,641","896,474","0","0","$0.00","$1,752.27","16:00","$41.15","10:00",,,,436.165109
"2023-05-01","$1,158.58","$3,233,064.00","0.0014","3,286","844,286","0","0","$0.00","$1,996.42","13:45","$264.15","11:15",,,,349.609581
"2023-05-02","-$1,961.30","$1,260,687.00","-0.0041","2,113","479,368","0","0","$0.00","$2,113.04","12:00","$2,224.19","14:00",,,,259.674171
"2023-05-03","$4,011.07","$2,184,874.00","0.0033","4,369","1,228,145","0","0","$0.00","$4,765.48","14:15","$69.57","10:00",,,,447.558022
"2023-05-04","$2,004.10","$1,358,971.00","0.0021","3,589","951,571","0","0","$0.00","$2,004.10","16:00","$536.04","10:30",,,,456.846737